lat,lon,variables,data
,,,ERROR: /Users/anujdivesh/Desktop/wis2.0/final/downloads/ocean-obs/2026/03/16/05be3202-34ac-49f7-b717-676482546038__DRIFTING_BUOY_0-20002-0-2802228_20260316T030000.bufr4: 'NoneType' object is not iterable
,,,ERROR: /Users/anujdivesh/Desktop/wis2.0/final/downloads/ocean-obs/2026/03/16/06117f09-4721-438c-a95b-d12809752b83__MOORED_BUOY_0-20002-0-4600453_20260316T020500.bufr4: 'NoneType' object is not iterable
,,,ERROR: /Users/anujdivesh/Desktop/wis2.0/final/downloads/ocean-obs/2026/03/16/071efa39-99f6-4376-b990-8682ea24e57f__MOORED_BUOY_0-20002-0-4400020_20260316T030000.bufr4: 'NoneType' object is not iterable
,,,ERROR: /Users/anujdivesh/Desktop/wis2.0/final/downloads/ocean-obs/2026/03/16/1a49e1fc-90ce-4679-9d0f-84b2f1d926e8__MOORED_BUOY_0-20002-0-6100294_20260316T031000.bufr4: 'NoneType' object is not iterable
,,,ERROR: /Users/anujdivesh/Desktop/wis2.0/final/downloads/ocean-obs/2026/03/16/1ce8dee9-3bd6-482b-b9e2-8369233a4e32__MOORED_BUOY_0-20002-0-4100004_20260316T030000.bufr4: 'NoneType' object is not iterable
,,,ERROR: /Users/anujdivesh/Desktop/wis2.0/final/downloads/ocean-obs/2026/03/16/2157afe0-4482-46f5-a26f-cbe08e7f6540__DRIFTING_BUOY_0-20002-0-7801783_20260316T030000.bufr4: 'NoneType' object is not iterable
,,,ERROR: /Users/anujdivesh/Desktop/wis2.0/final/downloads/ocean-obs/2026/03/16/254e7ceb-1fcb-4e26-901f-e24b466ce2e9__MOORED_BUOY_0-20002-0-6200067_20260316T025000.bufr4: 'NoneType' object is not iterable
,,,ERROR: /Users/anujdivesh/Desktop/wis2.0/final/downloads/ocean-obs/2026/03/16/27e62555-6670-4ca6-bced-d0a58661cf6c__MOORED_BUOY_0-20002-0-4200084_20260316T030000.bufr4: 'NoneType' object is not iterable
,,,ERROR: /Users/anujdivesh/Desktop/wis2.0/final/downloads/ocean-obs/2026/03/16/2b489ff8-428e-401b-8e62-372bd84145e6__MOORED_BUOY_0-20002-0-4100043_20260316T030000.bufr4: 'NoneType' object is not iterable
,,,ERROR: /Users/anujdivesh/Desktop/wis2.0/final/downloads/ocean-obs/2026/03/16/2d3738e5-b4de-4b36-9f19-e67f29a3512a__DRIFTING_BUOY_0-20002-0-5802098_20260316T030000.bufr4: 'NoneType' object is not iterable
,,,ERROR: /Users/anujdivesh/Desktop/wis2.0/final/downloads/ocean-obs/2026/03/16/2def4c8a-e694-45c8-a83e-8609bbd81368__MOORED_BUOY_0-20002-0-4600453_20260316T023500.bufr4: 'NoneType' object is not iterable
,,,ERROR: /Users/anujdivesh/Desktop/wis2.0/final/downloads/ocean-obs/2026/03/16/3158ac5a-2740-41bc-9c59-fbcd3bfd87dd__DRIFTING_BUOY_0-20002-0-3801857_20260316T023000.bufr4: 'NoneType' object is not iterable
,,,ERROR: /Users/anujdivesh/Desktop/wis2.0/final/downloads/ocean-obs/2026/03/16/319b7f64-d532-429a-837a-d2bc6f4772ea__DRIFTING_BUOY_0-20002-0-2802171_20260316T030000.bufr4: 'NoneType' object is not iterable
,,,ERROR: /Users/anujdivesh/Desktop/wis2.0/final/downloads/ocean-obs/2026/03/16/360ddb3b-716f-4c9f-a284-9a1ffd9dcf71__MOORED_BUOY_0-20002-0-4400050_20260316T031000.bufr4: 'NoneType' object is not iterable
,,,ERROR: /Users/anujdivesh/Desktop/wis2.0/final/downloads/ocean-obs/2026/03/16/3f192427-bff3-48d6-b1f1-0f2c97ae902e__MOORED_BUOY_0-20002-0-6100190_20260316T031000.bufr4: 'NoneType' object is not iterable
,,,ERROR: /Users/anujdivesh/Desktop/wis2.0/final/downloads/ocean-obs/2026/03/16/42c947d1-ccb5-4d78-b332-9982765d689d__MOORED_BUOY_0-20002-0-6100190_20260316T024000.bufr4: 'NoneType' object is not iterable
,,,ERROR: /Users/anujdivesh/Desktop/wis2.0/final/downloads/ocean-obs/2026/03/16/4721cbff-4d32-4848-86d6-8d02818164e2__MOORED_BUOY_0-20002-0-4100009_20260316T030000.bufr4: 'NoneType' object is not iterable
,,,ERROR: /Users/anujdivesh/Desktop/wis2.0/final/downloads/ocean-obs/2026/03/16/4cd03338-caf6-4b0f-9462-1669360f5dbd__DRIFTING_BUOY_0-20002-0-4804098_20260316T032000.bufr4: 'NoneType' object is not iterable
,,,ERROR: /Users/anujdivesh/Desktop/wis2.0/final/downloads/ocean-obs/2026/03/16/4e0e29cd-1346-4498-97b0-c7a3bbf39999__MOORED_BUOY_0-20002-0-4600013_20260316T031000.bufr4: 'NoneType' object is not iterable
,,,ERROR: /Users/anujdivesh/Desktop/wis2.0/final/downloads/ocean-obs/2026/03/16/4f129e34-3bf6-474d-a38f-e33cbee9cba1__MOORED_BUOY_0-20002-0-5100023_20260316T031200.bufr4: 'NoneType' object is not iterable
,,,ERROR: /Users/anujdivesh/Desktop/wis2.0/final/downloads/ocean-obs/2026/03/16/59206e47-3123-420f-af6c-bbdf1b101e4a__MOORED_BUOY_0-20002-0-4200060_20260316T030000.bufr4: 'NoneType' object is not iterable
,,,ERROR: /Users/anujdivesh/Desktop/wis2.0/final/downloads/ocean-obs/2026/03/16/599651c0-e6d0-4aa5-a83f-8e96574d129a__MOORED_BUOY_0-20002-0-6100188_20260316T031000.bufr4: 'NoneType' object is not iterable
,,,ERROR: /Users/anujdivesh/Desktop/wis2.0/final/downloads/ocean-obs/2026/03/16/5b84d336-895c-485c-bf31-e3eb27678f72__DRIFTING_BUOY_0-20002-0-5802099_20260316T030000.bufr4: 'NoneType' object is not iterable
,,,ERROR: /Users/anujdivesh/Desktop/wis2.0/final/downloads/ocean-obs/2026/03/16/5cf3b6ee-df04-41d1-885a-91a71255e823__MOORED_BUOY_0-20002-0-5200002_20260316T031200.bufr4: 'NoneType' object is not iterable
,,,ERROR: /Users/anujdivesh/Desktop/wis2.0/final/downloads/ocean-obs/2026/03/16/5d93dfa1-ec6e-4513-97df-6e102605fe26__MOORED_BUOY_0-20002-0-6200083_20260316T030000.bufr4: 'NoneType' object is not iterable
,,,ERROR: /Users/anujdivesh/Desktop/wis2.0/final/downloads/ocean-obs/2026/03/16/5ef67194-dc7f-4a6f-a0bc-7c8be4afdd08__MOORED_BUOY_0-20002-0-4400011_20260316T031000.bufr4: 'NoneType' object is not iterable
,,,ERROR: /Users/anujdivesh/Desktop/wis2.0/final/downloads/ocean-obs/2026/03/16/6137a1e7-7f76-4369-9de4-8cb66b634765__MOORED_BUOY_0-20002-0-4600041_20260316T031000.bufr4: 'NoneType' object is not iterable
,,,ERROR: /Users/anujdivesh/Desktop/wis2.0/final/downloads/ocean-obs/2026/03/16/67a7ffb8-09c2-4000-aee9-80153e74a9d2__MOORED_BUOY_0-20002-0-4300013_20260316T031200.bufr4: 'NoneType' object is not iterable
,,,ERROR: /Users/anujdivesh/Desktop/wis2.0/final/downloads/ocean-obs/2026/03/16/68a95b84-ab51-4562-a260-9e725d33ac21__MOORED_BUOY_0-20002-0-6200251_20260316T031000.bufr4: 'NoneType' object is not iterable
,,,ERROR: /Users/anujdivesh/Desktop/wis2.0/final/downloads/ocean-obs/2026/03/16/6f5cb51b-cb7f-4a0a-b0c3-59e3803d5377__MOORED_BUOY_0-20002-0-4600089_20260316T031000.bufr4: 'NoneType' object is not iterable
,,,ERROR: /Users/anujdivesh/Desktop/wis2.0/final/downloads/ocean-obs/2026/03/16/70862afc-4726-4636-b1dd-7520d91808e2__MOORED_BUOY_0-20002-0-4400013_20260316T031000.bufr4: 'NoneType' object is not iterable
,,,ERROR: /Users/anujdivesh/Desktop/wis2.0/final/downloads/ocean-obs/2026/03/16/72a55142-4b21-46b5-899e-bf5b92a13b28__MOORED_BUOY_0-20002-0-4600053_20260316T031000.bufr4: 'NoneType' object is not iterable
,,,ERROR: /Users/anujdivesh/Desktop/wis2.0/final/downloads/ocean-obs/2026/03/16/758e1ce4-1827-4407-8768-f0b49797c3b8__MOORED_BUOY_0-20002-0-4600089_20260316T030000.bufr4: 'NoneType' object is not iterable
,,,ERROR: /Users/anujdivesh/Desktop/wis2.0/final/downloads/ocean-obs/2026/03/16/78c4959b-7e63-4094-9ce9-8325f0efc1bc__MOORED_BUOY_0-20002-0-4600027_20260316T031000.bufr4: 'NoneType' object is not iterable
,,,ERROR: /Users/anujdivesh/Desktop/wis2.0/final/downloads/ocean-obs/2026/03/16/7a0984a5-d258-4808-a47f-804d78db893b__MOORED_BUOY_0-20002-0-6200079_20260316T031000.bufr4: 'NoneType' object is not iterable
,,,ERROR: /Users/anujdivesh/Desktop/wis2.0/final/downloads/ocean-obs/2026/03/16/7e564acf-cceb-4e5f-aab0-d81616f295df__MOORED_BUOY_0-20002-0-6100023_20260316T031000.bufr4: 'NoneType' object is not iterable
,,,ERROR: /Users/anujdivesh/Desktop/wis2.0/final/downloads/ocean-obs/2026/03/16/7f49425b-407e-4ed2-a83b-71d88d7c208e__DRIFTING_BUOY_0-20002-0-7801732_20260316T030000.bufr4: 'NoneType' object is not iterable
,,,ERROR: /Users/anujdivesh/Desktop/wis2.0/final/downloads/ocean-obs/2026/03/16/87e5a2f7-fc42-43c1-9294-419163f5f353__MOORED_BUOY_0-20002-0-4100002_20260316T031000.bufr4: 'NoneType' object is not iterable
,,,ERROR: /Users/anujdivesh/Desktop/wis2.0/final/downloads/ocean-obs/2026/03/16/8ae51afe-4fb7-4bf6-b652-d6fc936688f9__DRIFTING_BUOY_0-20002-0-3801767_20260316T030000.bufr4: 'NoneType' object is not iterable
,,,ERROR: /Users/anujdivesh/Desktop/wis2.0/final/downloads/ocean-obs/2026/03/16/90c2c821-9298-4f54-9fc6-ad8a18cf5225__MOORED_BUOY_0-20002-0-6100289_20260316T031000.bufr4: 'NoneType' object is not iterable
,,,ERROR: /Users/anujdivesh/Desktop/wis2.0/final/downloads/ocean-obs/2026/03/16/93f56954-c470-405b-9760-14f73930f8d5__MOORED_BUOY_0-20002-0-6100021_20260316T031000.bufr4: 'NoneType' object is not iterable
,,,ERROR: /Users/anujdivesh/Desktop/wis2.0/final/downloads/ocean-obs/2026/03/16/94bfb344-6a84-469a-9caa-5ebdff22f41c__MOORED_BUOY_0-20002-0-6200255_20260316T031000.bufr4: 'NoneType' object is not iterable
,,,ERROR: /Users/anujdivesh/Desktop/wis2.0/final/downloads/ocean-obs/2026/03/16/96dd17c6-a4b7-48f5-8524-62c40839f532__MOORED_BUOY_0-20002-0-4400100_20260316T030000.bufr4: 'NoneType' object is not iterable
,,,ERROR: /Users/anujdivesh/Desktop/wis2.0/final/downloads/ocean-obs/2026/03/16/98e1ba8d-6263-4a08-adac-d83ff8200437__MOORED_BUOY_0-20002-0-6200064_20260316T031000.bufr4: 'NoneType' object is not iterable
,,,ERROR: /Users/anujdivesh/Desktop/wis2.0/final/downloads/ocean-obs/2026/03/16/9b9f9c41-8ed6-4e98-96c6-87c64404412e__MOORED_BUOY_0-20002-0-6200025_20260316T030000.bufr4: 'NoneType' object is not iterable
,,,ERROR: /Users/anujdivesh/Desktop/wis2.0/final/downloads/ocean-obs/2026/03/16/DRIFTING_BUOY_0-20002-0-1501791_20260316T023000.bufr4: 'NoneType' object is not iterable
,,,ERROR: /Users/anujdivesh/Desktop/wis2.0/final/downloads/ocean-obs/2026/03/16/DRIFTING_BUOY_0-20002-0-1501793_20260316T023000.bufr4: 'NoneType' object is not iterable
,,,ERROR: /Users/anujdivesh/Desktop/wis2.0/final/downloads/ocean-obs/2026/03/16/DRIFTING_BUOY_0-20002-0-1501796_20260316T023000.bufr4: 'NoneType' object is not iterable
,,,ERROR: /Users/anujdivesh/Desktop/wis2.0/final/downloads/ocean-obs/2026/03/16/DRIFTING_BUOY_0-20002-0-1501801_20260316T023000.bufr4: 'NoneType' object is not iterable
,,,ERROR: /Users/anujdivesh/Desktop/wis2.0/final/downloads/ocean-obs/2026/03/16/DRIFTING_BUOY_0-20002-0-1501803_20260316T023000.bufr4: 'NoneType' object is not iterable
,,,ERROR: /Users/anujdivesh/Desktop/wis2.0/final/downloads/ocean-obs/2026/03/16/DRIFTING_BUOY_0-20002-0-1501804_20260316T023000.bufr4: 'NoneType' object is not iterable
,,,ERROR: /Users/anujdivesh/Desktop/wis2.0/final/downloads/ocean-obs/2026/03/16/DRIFTING_BUOY_0-20002-0-1501806_20260316T023000.bufr4: 'NoneType' object is not iterable
,,,ERROR: /Users/anujdivesh/Desktop/wis2.0/final/downloads/ocean-obs/2026/03/16/DRIFTING_BUOY_0-20002-0-1501809_20260316T023000.bufr4: 'NoneType' object is not iterable
,,,ERROR: /Users/anujdivesh/Desktop/wis2.0/final/downloads/ocean-obs/2026/03/16/DRIFTING_BUOY_0-20002-0-1801683_20260316T020000.bufr4: 'NoneType' object is not iterable
,,,ERROR: /Users/anujdivesh/Desktop/wis2.0/final/downloads/ocean-obs/2026/03/16/DRIFTING_BUOY_0-20002-0-1801861_20260316T030100.bufr4: 'NoneType' object is not iterable
,,,ERROR: /Users/anujdivesh/Desktop/wis2.0/final/downloads/ocean-obs/2026/03/16/DRIFTING_BUOY_0-20002-0-1801864_20260316T030000.bufr4: 'NoneType' object is not iterable
,,,ERROR: /Users/anujdivesh/Desktop/wis2.0/final/downloads/ocean-obs/2026/03/16/DRIFTING_BUOY_0-20002-0-1801865_20260316T030000.bufr4: 'NoneType' object is not iterable
,,,ERROR: /Users/anujdivesh/Desktop/wis2.0/final/downloads/ocean-obs/2026/03/16/DRIFTING_BUOY_0-20002-0-1801930_20260316T030000.bufr4: 'NoneType' object is not iterable
,,,ERROR: /Users/anujdivesh/Desktop/wis2.0/final/downloads/ocean-obs/2026/03/16/DRIFTING_BUOY_0-20002-0-2501557_20260316T020000.bufr4: 'NoneType' object is not iterable
,,,ERROR: /Users/anujdivesh/Desktop/wis2.0/final/downloads/ocean-obs/2026/03/16/DRIFTING_BUOY_0-20002-0-2501584_20260316T030000.bufr4: 'NoneType' object is not iterable
,,,ERROR: /Users/anujdivesh/Desktop/wis2.0/final/downloads/ocean-obs/2026/03/16/DRIFTING_BUOY_0-20002-0-2601521_20260316T030000.bufr4: 'NoneType' object is not iterable
,,,ERROR: /Users/anujdivesh/Desktop/wis2.0/final/downloads/ocean-obs/2026/03/16/DRIFTING_BUOY_0-20002-0-2601524_20260316T030000.bufr4: 'NoneType' object is not iterable
,,,ERROR: /Users/anujdivesh/Desktop/wis2.0/final/downloads/ocean-obs/2026/03/16/DRIFTING_BUOY_0-20002-0-2601529_20260316T030000.bufr4: 'NoneType' object is not iterable
,,,ERROR: /Users/anujdivesh/Desktop/wis2.0/final/downloads/ocean-obs/2026/03/16/DRIFTING_BUOY_0-20002-0-2802103_20260316T030000.bufr4: 'NoneType' object is not iterable
,,,ERROR: /Users/anujdivesh/Desktop/wis2.0/final/downloads/ocean-obs/2026/03/16/DRIFTING_BUOY_0-20002-0-2802165_20260316T030000.bufr4: 'NoneType' object is not iterable
,,,ERROR: /Users/anujdivesh/Desktop/wis2.0/final/downloads/ocean-obs/2026/03/16/DRIFTING_BUOY_0-20002-0-2802166_20260316T030000.bufr4: 'NoneType' object is not iterable
,,,ERROR: /Users/anujdivesh/Desktop/wis2.0/final/downloads/ocean-obs/2026/03/16/DRIFTING_BUOY_0-20002-0-2802171_20260316T030000.bufr4: 'NoneType' object is not iterable
,,,ERROR: /Users/anujdivesh/Desktop/wis2.0/final/downloads/ocean-obs/2026/03/16/DRIFTING_BUOY_0-20002-0-2802231_20260316T030000.bufr4: 'NoneType' object is not iterable
,,,ERROR: /Users/anujdivesh/Desktop/wis2.0/final/downloads/ocean-obs/2026/03/16/DRIFTING_BUOY_0-20002-0-2802236_20260316T030000.bufr4: 'NoneType' object is not iterable
,,,ERROR: /Users/anujdivesh/Desktop/wis2.0/final/downloads/ocean-obs/2026/03/16/DRIFTING_BUOY_0-20002-0-2802237_20260316T030000.bufr4: 'NoneType' object is not iterable
,,,ERROR: /Users/anujdivesh/Desktop/wis2.0/final/downloads/ocean-obs/2026/03/16/DRIFTING_BUOY_0-20002-0-2802238_20260316T030000.bufr4: 'NoneType' object is not iterable
,,,ERROR: /Users/anujdivesh/Desktop/wis2.0/final/downloads/ocean-obs/2026/03/16/DRIFTING_BUOY_0-20002-0-3801705_20260316T030000.bufr4: 'NoneType' object is not iterable
,,,ERROR: /Users/anujdivesh/Desktop/wis2.0/final/downloads/ocean-obs/2026/03/16/DRIFTING_BUOY_0-20002-0-3801764_20260316T030000.bufr4: 'NoneType' object is not iterable
,,,ERROR: /Users/anujdivesh/Desktop/wis2.0/final/downloads/ocean-obs/2026/03/16/DRIFTING_BUOY_0-20002-0-3801765_20260316T030000.bufr4: 'NoneType' object is not iterable
,,,ERROR: /Users/anujdivesh/Desktop/wis2.0/final/downloads/ocean-obs/2026/03/16/DRIFTING_BUOY_0-20002-0-3801771_20260316T030000.bufr4: 'NoneType' object is not iterable
,,,ERROR: /Users/anujdivesh/Desktop/wis2.0/final/downloads/ocean-obs/2026/03/16/DRIFTING_BUOY_0-20002-0-3801828_20260316T030000.bufr4: 'NoneType' object is not iterable
,,,ERROR: /Users/anujdivesh/Desktop/wis2.0/final/downloads/ocean-obs/2026/03/16/DRIFTING_BUOY_0-20002-0-3801857_20260316T030000.bufr4: 'NoneType' object is not iterable
,,,ERROR: /Users/anujdivesh/Desktop/wis2.0/final/downloads/ocean-obs/2026/03/16/DRIFTING_BUOY_0-20002-0-4403568_20260316T030000.bufr4: 'NoneType' object is not iterable
,,,ERROR: /Users/anujdivesh/Desktop/wis2.0/final/downloads/ocean-obs/2026/03/16/DRIFTING_BUOY_0-20002-0-4701659_20260316T030000.bufr4: 'NoneType' object is not iterable
,,,ERROR: /Users/anujdivesh/Desktop/wis2.0/final/downloads/ocean-obs/2026/03/16/DRIFTING_BUOY_0-20002-0-4801762_20260316T030000.bufr4: 'NoneType' object is not iterable
,,,ERROR: /Users/anujdivesh/Desktop/wis2.0/final/downloads/ocean-obs/2026/03/16/DRIFTING_BUOY_0-20002-0-4801763_20260316T030000.bufr4: 'NoneType' object is not iterable
,,,ERROR: /Users/anujdivesh/Desktop/wis2.0/final/downloads/ocean-obs/2026/03/16/DRIFTING_BUOY_0-20002-0-4802664_20260316T030000.bufr4: 'NoneType' object is not iterable
,,,ERROR: /Users/anujdivesh/Desktop/wis2.0/final/downloads/ocean-obs/2026/03/16/DRIFTING_BUOY_0-20002-0-4804098_20260316T031000.bufr4: 'NoneType' object is not iterable
,,,ERROR: /Users/anujdivesh/Desktop/wis2.0/final/downloads/ocean-obs/2026/03/16/DRIFTING_BUOY_0-20002-0-4804121_20260316T030000.bufr4: 'NoneType' object is not iterable
,,,ERROR: /Users/anujdivesh/Desktop/wis2.0/final/downloads/ocean-obs/2026/03/16/DRIFTING_BUOY_0-20002-0-4804182_20260316T030000.bufr4: 'NoneType' object is not iterable
,,,ERROR: /Users/anujdivesh/Desktop/wis2.0/final/downloads/ocean-obs/2026/03/16/DRIFTING_BUOY_0-20002-0-4804258_20260316T030000.bufr4: 'NoneType' object is not iterable
,,,ERROR: /Users/anujdivesh/Desktop/wis2.0/final/downloads/ocean-obs/2026/03/16/DRIFTING_BUOY_0-20002-0-4804261_20260316T030000.bufr4: 'NoneType' object is not iterable
,,,ERROR: /Users/anujdivesh/Desktop/wis2.0/final/downloads/ocean-obs/2026/03/16/DRIFTING_BUOY_0-20002-0-4804262_20260316T030000.bufr4: 'NoneType' object is not iterable
,,,ERROR: /Users/anujdivesh/Desktop/wis2.0/final/downloads/ocean-obs/2026/03/16/DRIFTING_BUOY_0-20002-0-5501008_20260316T030000.bufr4: 'NoneType' object is not iterable
,,,ERROR: /Users/anujdivesh/Desktop/wis2.0/final/downloads/ocean-obs/2026/03/16/DRIFTING_BUOY_0-20002-0-5501735_20260316T030000.bufr4: 'NoneType' object is not iterable
,,,ERROR: /Users/anujdivesh/Desktop/wis2.0/final/downloads/ocean-obs/2026/03/16/DRIFTING_BUOY_0-20002-0-5601751_20260316T030000.bufr4: 'NoneType' object is not iterable
,,,ERROR: /Users/anujdivesh/Desktop/wis2.0/final/downloads/ocean-obs/2026/03/16/DRIFTING_BUOY_0-20002-0-5601752_20260316T030000.bufr4: 'NoneType' object is not iterable
,,,ERROR: /Users/anujdivesh/Desktop/wis2.0/final/downloads/ocean-obs/2026/03/16/DRIFTING_BUOY_0-20002-0-5601753_20260316T030000.bufr4: 'NoneType' object is not iterable
,,,ERROR: /Users/anujdivesh/Desktop/wis2.0/final/downloads/ocean-obs/2026/03/16/DRIFTING_BUOY_0-20002-0-5601759_20260316T030000.bufr4: 'NoneType' object is not iterable
,,,ERROR: /Users/anujdivesh/Desktop/wis2.0/final/downloads/ocean-obs/2026/03/16/DRIFTING_BUOY_0-20002-0-5601761_20260316T030000.bufr4: 'NoneType' object is not iterable
,,,ERROR: /Users/anujdivesh/Desktop/wis2.0/final/downloads/ocean-obs/2026/03/16/DRIFTING_BUOY_0-20002-0-5601762_20260316T030000.bufr4: 'NoneType' object is not iterable
,,,ERROR: /Users/anujdivesh/Desktop/wis2.0/final/downloads/ocean-obs/2026/03/16/DRIFTING_BUOY_0-20002-0-5601763_20260316T030000.bufr4: 'NoneType' object is not iterable
,,,ERROR: /Users/anujdivesh/Desktop/wis2.0/final/downloads/ocean-obs/2026/03/16/DRIFTING_BUOY_0-20002-0-5601764_20260316T030000.bufr4: 'NoneType' object is not iterable
,,,ERROR: /Users/anujdivesh/Desktop/wis2.0/final/downloads/ocean-obs/2026/03/16/DRIFTING_BUOY_0-20002-0-5601765_20260316T030000.bufr4: 'NoneType' object is not iterable
,,,ERROR: /Users/anujdivesh/Desktop/wis2.0/final/downloads/ocean-obs/2026/03/16/DRIFTING_BUOY_0-20002-0-5802060_20260316T030000.bufr4: 'NoneType' object is not iterable
,,,ERROR: /Users/anujdivesh/Desktop/wis2.0/final/downloads/ocean-obs/2026/03/16/DRIFTING_BUOY_0-20002-0-5802097_20260316T030000.bufr4: 'NoneType' object is not iterable
,,,ERROR: /Users/anujdivesh/Desktop/wis2.0/final/downloads/ocean-obs/2026/03/16/DRIFTING_BUOY_0-20002-0-5802100_20260316T030000.bufr4: 'NoneType' object is not iterable
,,,ERROR: /Users/anujdivesh/Desktop/wis2.0/final/downloads/ocean-obs/2026/03/16/DRIFTING_BUOY_0-20002-0-5802161_20260316T030000.bufr4: 'NoneType' object is not iterable
,,,ERROR: /Users/anujdivesh/Desktop/wis2.0/final/downloads/ocean-obs/2026/03/16/DRIFTING_BUOY_0-20002-0-5802227_20260316T030000.bufr4: 'NoneType' object is not iterable
,,,ERROR: /Users/anujdivesh/Desktop/wis2.0/final/downloads/ocean-obs/2026/03/16/DRIFTING_BUOY_0-20002-0-5802228_20260316T030000.bufr4: 'NoneType' object is not iterable
,,,ERROR: /Users/anujdivesh/Desktop/wis2.0/final/downloads/ocean-obs/2026/03/16/DRIFTING_BUOY_0-20002-0-5802230_20260316T030000.bufr4: 'NoneType' object is not iterable
,,,ERROR: /Users/anujdivesh/Desktop/wis2.0/final/downloads/ocean-obs/2026/03/16/DRIFTING_BUOY_0-20002-0-5802231_20260316T020000.bufr4: 'NoneType' object is not iterable
,,,ERROR: /Users/anujdivesh/Desktop/wis2.0/final/downloads/ocean-obs/2026/03/16/DRIFTING_BUOY_0-20002-0-5802231_20260316T030000.bufr4: 'NoneType' object is not iterable
,,,ERROR: /Users/anujdivesh/Desktop/wis2.0/final/downloads/ocean-obs/2026/03/16/DRIFTING_BUOY_0-20002-0-5802239_20260316T030000.bufr4: 'NoneType' object is not iterable
,,,ERROR: /Users/anujdivesh/Desktop/wis2.0/final/downloads/ocean-obs/2026/03/16/DRIFTING_BUOY_0-20002-0-6301514_20260316T030000.bufr4: 'NoneType' object is not iterable
,,,ERROR: /Users/anujdivesh/Desktop/wis2.0/final/downloads/ocean-obs/2026/03/16/DRIFTING_BUOY_0-20002-0-6801886_20260316T031000.bufr4: 'NoneType' object is not iterable
,,,ERROR: /Users/anujdivesh/Desktop/wis2.0/final/downloads/ocean-obs/2026/03/16/DRIFTING_BUOY_0-20002-0-6801886_20260316T032000.bufr4: 'NoneType' object is not iterable
,,,ERROR: /Users/anujdivesh/Desktop/wis2.0/final/downloads/ocean-obs/2026/03/16/DRIFTING_BUOY_0-20002-0-6801912_20260316T030000.bufr4: 'NoneType' object is not iterable
,,,ERROR: /Users/anujdivesh/Desktop/wis2.0/final/downloads/ocean-obs/2026/03/16/DRIFTING_BUOY_0-20002-0-6801913_20260316T030000.bufr4: 'NoneType' object is not iterable
,,,ERROR: /Users/anujdivesh/Desktop/wis2.0/final/downloads/ocean-obs/2026/03/16/DRIFTING_BUOY_0-20002-0-6801988_20260316T030000.bufr4: 'NoneType' object is not iterable
,,,ERROR: /Users/anujdivesh/Desktop/wis2.0/final/downloads/ocean-obs/2026/03/16/DRIFTING_BUOY_0-20002-0-6801990_20260316T030000.bufr4: 'NoneType' object is not iterable
,,,ERROR: /Users/anujdivesh/Desktop/wis2.0/final/downloads/ocean-obs/2026/03/16/DRIFTING_BUOY_0-20002-0-6801991_20260316T030000.bufr4: 'NoneType' object is not iterable
,,,ERROR: /Users/anujdivesh/Desktop/wis2.0/final/downloads/ocean-obs/2026/03/16/DRIFTING_BUOY_0-20002-0-6802047_20260316T030000.bufr4: 'NoneType' object is not iterable
,,,ERROR: /Users/anujdivesh/Desktop/wis2.0/final/downloads/ocean-obs/2026/03/16/DRIFTING_BUOY_0-20002-0-7301552_20260316T030000.bufr4: 'NoneType' object is not iterable
,,,ERROR: /Users/anujdivesh/Desktop/wis2.0/final/downloads/ocean-obs/2026/03/16/DRIFTING_BUOY_0-20002-0-7801723_20260316T030000.bufr4: 'NoneType' object is not iterable
,,,ERROR: /Users/anujdivesh/Desktop/wis2.0/final/downloads/ocean-obs/2026/03/16/DRIFTING_BUOY_0-20002-0-7811007_20260316T030000.bufr4: 'NoneType' object is not iterable
,,,ERROR: /Users/anujdivesh/Desktop/wis2.0/final/downloads/ocean-obs/2026/03/16/DRIFTING_BUOY_0-20002-0-7811009_20260316T030000.bufr4: 'NoneType' object is not iterable
,,,ERROR: /Users/anujdivesh/Desktop/wis2.0/final/downloads/ocean-obs/2026/03/16/DRIFTING_BUOY_0-20002-0-7811079_20260316T030000.bufr4: 'NoneType' object is not iterable
,,,ERROR: /Users/anujdivesh/Desktop/wis2.0/final/downloads/ocean-obs/2026/03/16/MOORED_BUOY_0-20002-0-2100229_20260316T030000.bufr4: 'NoneType' object is not iterable
,,,ERROR: /Users/anujdivesh/Desktop/wis2.0/final/downloads/ocean-obs/2026/03/16/MOORED_BUOY_0-20002-0-2200101_20260316T030000.bufr4: 'NoneType' object is not iterable
,,,ERROR: /Users/anujdivesh/Desktop/wis2.0/final/downloads/ocean-obs/2026/03/16/MOORED_BUOY_0-20002-0-2200102_20260316T030000.bufr4: 'NoneType' object is not iterable
,,,ERROR: /Users/anujdivesh/Desktop/wis2.0/final/downloads/ocean-obs/2026/03/16/MOORED_BUOY_0-20002-0-2200103_20260316T030000.bufr4: 'NoneType' object is not iterable
,,,ERROR: /Users/anujdivesh/Desktop/wis2.0/final/downloads/ocean-obs/2026/03/16/MOORED_BUOY_0-20002-0-2200104_20260316T030000.bufr4: 'NoneType' object is not iterable
,,,ERROR: /Users/anujdivesh/Desktop/wis2.0/final/downloads/ocean-obs/2026/03/16/MOORED_BUOY_0-20002-0-2200105_20260316T030000.bufr4: 'NoneType' object is not iterable
,,,ERROR: /Users/anujdivesh/Desktop/wis2.0/final/downloads/ocean-obs/2026/03/16/MOORED_BUOY_0-20002-0-2200106_20260316T030000.bufr4: 'NoneType' object is not iterable
,,,ERROR: /Users/anujdivesh/Desktop/wis2.0/final/downloads/ocean-obs/2026/03/16/MOORED_BUOY_0-20002-0-2200107_20260316T030000.bufr4: 'NoneType' object is not iterable
,,,ERROR: /Users/anujdivesh/Desktop/wis2.0/final/downloads/ocean-obs/2026/03/16/MOORED_BUOY_0-20002-0-2200108_20260316T030000.bufr4: 'NoneType' object is not iterable
,,,ERROR: /Users/anujdivesh/Desktop/wis2.0/final/downloads/ocean-obs/2026/03/16/MOORED_BUOY_0-20002-0-2200184_20260316T030000.bufr4: 'NoneType' object is not iterable
,,,ERROR: /Users/anujdivesh/Desktop/wis2.0/final/downloads/ocean-obs/2026/03/16/MOORED_BUOY_0-20002-0-2200185_20260316T030000.bufr4: 'NoneType' object is not iterable
,,,ERROR: /Users/anujdivesh/Desktop/wis2.0/final/downloads/ocean-obs/2026/03/16/MOORED_BUOY_0-20002-0-2200186_20260316T030000.bufr4: 'NoneType' object is not iterable
,,,ERROR: /Users/anujdivesh/Desktop/wis2.0/final/downloads/ocean-obs/2026/03/16/MOORED_BUOY_0-20002-0-2200187_20260316T030000.bufr4: 'NoneType' object is not iterable
,,,ERROR: /Users/anujdivesh/Desktop/wis2.0/final/downloads/ocean-obs/2026/03/16/MOORED_BUOY_0-20002-0-2200188_20260316T030000.bufr4: 'NoneType' object is not iterable
,,,ERROR: /Users/anujdivesh/Desktop/wis2.0/final/downloads/ocean-obs/2026/03/16/MOORED_BUOY_0-20002-0-2200189_20260316T030000.bufr4: 'NoneType' object is not iterable
,,,ERROR: /Users/anujdivesh/Desktop/wis2.0/final/downloads/ocean-obs/2026/03/16/MOORED_BUOY_0-20002-0-2200190_20260316T030000.bufr4: 'NoneType' object is not iterable
,,,ERROR: /Users/anujdivesh/Desktop/wis2.0/final/downloads/ocean-obs/2026/03/16/MOORED_BUOY_0-20002-0-2200191_20260316T030000.bufr4: 'NoneType' object is not iterable
,,,ERROR: /Users/anujdivesh/Desktop/wis2.0/final/downloads/ocean-obs/2026/03/16/MOORED_BUOY_0-20002-0-2200192_20260316T030000.bufr4: 'NoneType' object is not iterable
,,,ERROR: /Users/anujdivesh/Desktop/wis2.0/final/downloads/ocean-obs/2026/03/16/MOORED_BUOY_0-20002-0-2200193_20260316T030000.bufr4: 'NoneType' object is not iterable
,,,ERROR: /Users/anujdivesh/Desktop/wis2.0/final/downloads/ocean-obs/2026/03/16/MOORED_BUOY_0-20002-0-2200297_20260316T030000.bufr4: 'NoneType' object is not iterable
,,,ERROR: /Users/anujdivesh/Desktop/wis2.0/final/downloads/ocean-obs/2026/03/16/MOORED_BUOY_0-20002-0-2200298_20260316T030000.bufr4: 'NoneType' object is not iterable
,,,ERROR: /Users/anujdivesh/Desktop/wis2.0/final/downloads/ocean-obs/2026/03/16/MOORED_BUOY_0-20002-0-2200299_20260316T030000.bufr4: 'NoneType' object is not iterable
,,,ERROR: /Users/anujdivesh/Desktop/wis2.0/final/downloads/ocean-obs/2026/03/16/MOORED_BUOY_0-20002-0-2200300_20260316T030000.bufr4: 'NoneType' object is not iterable
,,,ERROR: /Users/anujdivesh/Desktop/wis2.0/final/downloads/ocean-obs/2026/03/16/MOORED_BUOY_0-20002-0-2200301_20260316T030000.bufr4: 'NoneType' object is not iterable
,,,ERROR: /Users/anujdivesh/Desktop/wis2.0/final/downloads/ocean-obs/2026/03/16/MOORED_BUOY_0-20002-0-2200302_20260316T030000.bufr4: 'NoneType' object is not iterable
,,,ERROR: /Users/anujdivesh/Desktop/wis2.0/final/downloads/ocean-obs/2026/03/16/MOORED_BUOY_0-20002-0-2200303_20260316T030000.bufr4: 'NoneType' object is not iterable
,,,ERROR: /Users/anujdivesh/Desktop/wis2.0/final/downloads/ocean-obs/2026/03/16/MOORED_BUOY_0-20002-0-2200304_20260316T030000.bufr4: 'NoneType' object is not iterable
,,,ERROR: /Users/anujdivesh/Desktop/wis2.0/final/downloads/ocean-obs/2026/03/16/MOORED_BUOY_0-20002-0-2200305_20260316T030000.bufr4: 'NoneType' object is not iterable
,,,ERROR: /Users/anujdivesh/Desktop/wis2.0/final/downloads/ocean-obs/2026/03/16/MOORED_BUOY_0-20002-0-2200306_20260316T030000.bufr4: 'NoneType' object is not iterable
,,,ERROR: /Users/anujdivesh/Desktop/wis2.0/final/downloads/ocean-obs/2026/03/16/MOORED_BUOY_0-20002-0-2200307_20260316T030000.bufr4: 'NoneType' object is not iterable
,,,ERROR: /Users/anujdivesh/Desktop/wis2.0/final/downloads/ocean-obs/2026/03/16/MOORED_BUOY_0-20002-0-2200308_20260316T030000.bufr4: 'NoneType' object is not iterable
,,,ERROR: /Users/anujdivesh/Desktop/wis2.0/final/downloads/ocean-obs/2026/03/16/MOORED_BUOY_0-20002-0-2200309_20260316T030000.bufr4: 'NoneType' object is not iterable
,,,ERROR: /Users/anujdivesh/Desktop/wis2.0/final/downloads/ocean-obs/2026/03/16/MOORED_BUOY_0-20002-0-2200310_20260316T030000.bufr4: 'NoneType' object is not iterable
,,,ERROR: /Users/anujdivesh/Desktop/wis2.0/final/downloads/ocean-obs/2026/03/16/MOORED_BUOY_0-20002-0-2200311_20260316T030000.bufr4: 'NoneType' object is not iterable
,,,ERROR: /Users/anujdivesh/Desktop/wis2.0/final/downloads/ocean-obs/2026/03/16/MOORED_BUOY_0-20002-0-3200303_20260316T031200.bufr4: 'NoneType' object is not iterable
,,,ERROR: /Users/anujdivesh/Desktop/wis2.0/final/downloads/ocean-obs/2026/03/16/MOORED_BUOY_0-20002-0-3200303_20260316T032200.bufr4: 'NoneType' object is not iterable
,,,ERROR: /Users/anujdivesh/Desktop/wis2.0/final/downloads/ocean-obs/2026/03/16/MOORED_BUOY_0-20002-0-3200305_20260316T031200.bufr4: 'NoneType' object is not iterable
,,,ERROR: /Users/anujdivesh/Desktop/wis2.0/final/downloads/ocean-obs/2026/03/16/MOORED_BUOY_0-20002-0-3200305_20260316T032200.bufr4: 'NoneType' object is not iterable
,,,ERROR: /Users/anujdivesh/Desktop/wis2.0/final/downloads/ocean-obs/2026/03/16/MOORED_BUOY_0-20002-0-3200315_20260316T031200.bufr4: 'NoneType' object is not iterable
,,,ERROR: /Users/anujdivesh/Desktop/wis2.0/final/downloads/ocean-obs/2026/03/16/MOORED_BUOY_0-20002-0-3200315_20260316T032200.bufr4: 'NoneType' object is not iterable
,,,ERROR: /Users/anujdivesh/Desktop/wis2.0/final/downloads/ocean-obs/2026/03/16/MOORED_BUOY_0-20002-0-3200316_20260316T031200.bufr4: 'NoneType' object is not iterable
,,,ERROR: /Users/anujdivesh/Desktop/wis2.0/final/downloads/ocean-obs/2026/03/16/MOORED_BUOY_0-20002-0-3200316_20260316T032200.bufr4: 'NoneType' object is not iterable
,,,ERROR: /Users/anujdivesh/Desktop/wis2.0/final/downloads/ocean-obs/2026/03/16/MOORED_BUOY_0-20002-0-3200317_20260316T031200.bufr4: 'NoneType' object is not iterable
,,,ERROR: /Users/anujdivesh/Desktop/wis2.0/final/downloads/ocean-obs/2026/03/16/MOORED_BUOY_0-20002-0-3200317_20260316T032200.bufr4: 'NoneType' object is not iterable
,,,ERROR: /Users/anujdivesh/Desktop/wis2.0/final/downloads/ocean-obs/2026/03/16/MOORED_BUOY_0-20002-0-3200318_20260316T031200.bufr4: 'NoneType' object is not iterable
,,,ERROR: /Users/anujdivesh/Desktop/wis2.0/final/downloads/ocean-obs/2026/03/16/MOORED_BUOY_0-20002-0-3200318_20260316T032200.bufr4: 'NoneType' object is not iterable
,,,ERROR: /Users/anujdivesh/Desktop/wis2.0/final/downloads/ocean-obs/2026/03/16/MOORED_BUOY_0-20002-0-3200319_20260316T032200.bufr4: 'NoneType' object is not iterable
,,,ERROR: /Users/anujdivesh/Desktop/wis2.0/final/downloads/ocean-obs/2026/03/16/MOORED_BUOY_0-20002-0-3200320_20260316T032200.bufr4: 'NoneType' object is not iterable
,,,ERROR: /Users/anujdivesh/Desktop/wis2.0/final/downloads/ocean-obs/2026/03/16/MOORED_BUOY_0-20002-0-3200321_20260316T032200.bufr4: 'NoneType' object is not iterable
,,,ERROR: /Users/anujdivesh/Desktop/wis2.0/final/downloads/ocean-obs/2026/03/16/MOORED_BUOY_0-20002-0-3200322_20260316T031200.bufr4: 'NoneType' object is not iterable
,,,ERROR: /Users/anujdivesh/Desktop/wis2.0/final/downloads/ocean-obs/2026/03/16/MOORED_BUOY_0-20002-0-3200322_20260316T032200.bufr4: 'NoneType' object is not iterable
,,,ERROR: /Users/anujdivesh/Desktop/wis2.0/final/downloads/ocean-obs/2026/03/16/MOORED_BUOY_0-20002-0-3200323_20260316T031200.bufr4: 'NoneType' object is not iterable
,,,ERROR: /Users/anujdivesh/Desktop/wis2.0/final/downloads/ocean-obs/2026/03/16/MOORED_BUOY_0-20002-0-3200323_20260316T032200.bufr4: 'NoneType' object is not iterable
,,,ERROR: /Users/anujdivesh/Desktop/wis2.0/final/downloads/ocean-obs/2026/03/16/MOORED_BUOY_0-20002-0-4100004_20260316T031000.bufr4: 'NoneType' object is not iterable
,,,ERROR: /Users/anujdivesh/Desktop/wis2.0/final/downloads/ocean-obs/2026/03/16/MOORED_BUOY_0-20002-0-4100008_20260316T030000.bufr4: 'NoneType' object is not iterable
,,,ERROR: /Users/anujdivesh/Desktop/wis2.0/final/downloads/ocean-obs/2026/03/16/MOORED_BUOY_0-20002-0-4100008_20260316T031000.bufr4: 'NoneType' object is not iterable
,,,ERROR: /Users/anujdivesh/Desktop/wis2.0/final/downloads/ocean-obs/2026/03/16/MOORED_BUOY_0-20002-0-4100009_20260316T031000.bufr4: 'NoneType' object is not iterable
,,,ERROR: /Users/anujdivesh/Desktop/wis2.0/final/downloads/ocean-obs/2026/03/16/MOORED_BUOY_0-20002-0-4100013_20260316T030000.bufr4: 'NoneType' object is not iterable
,,,ERROR: /Users/anujdivesh/Desktop/wis2.0/final/downloads/ocean-obs/2026/03/16/MOORED_BUOY_0-20002-0-4100013_20260316T031000.bufr4: 'NoneType' object is not iterable
,,,ERROR: /Users/anujdivesh/Desktop/wis2.0/final/downloads/ocean-obs/2026/03/16/MOORED_BUOY_0-20002-0-4100025_20260316T030000.bufr4: 'NoneType' object is not iterable
,,,ERROR: /Users/anujdivesh/Desktop/wis2.0/final/downloads/ocean-obs/2026/03/16/MOORED_BUOY_0-20002-0-4100025_20260316T031000.bufr4: 'NoneType' object is not iterable
,,,ERROR: /Users/anujdivesh/Desktop/wis2.0/final/downloads/ocean-obs/2026/03/16/MOORED_BUOY_0-20002-0-4100037_20260316T020800.bufr4: 'NoneType' object is not iterable
,,,ERROR: /Users/anujdivesh/Desktop/wis2.0/final/downloads/ocean-obs/2026/03/16/MOORED_BUOY_0-20002-0-4100043_20260316T031000.bufr4: 'NoneType' object is not iterable
,,,ERROR: /Users/anujdivesh/Desktop/wis2.0/final/downloads/ocean-obs/2026/03/16/MOORED_BUOY_0-20002-0-4100044_20260316T030000.bufr4: 'NoneType' object is not iterable
,,,ERROR: /Users/anujdivesh/Desktop/wis2.0/final/downloads/ocean-obs/2026/03/16/MOORED_BUOY_0-20002-0-4100044_20260316T031000.bufr4: 'NoneType' object is not iterable
,,,ERROR: /Users/anujdivesh/Desktop/wis2.0/final/downloads/ocean-obs/2026/03/16/MOORED_BUOY_0-20002-0-4100046_20260316T030000.bufr4: 'NoneType' object is not iterable
,,,ERROR: /Users/anujdivesh/Desktop/wis2.0/final/downloads/ocean-obs/2026/03/16/MOORED_BUOY_0-20002-0-4100046_20260316T031000.bufr4: 'NoneType' object is not iterable
,,,ERROR: /Users/anujdivesh/Desktop/wis2.0/final/downloads/ocean-obs/2026/03/16/MOORED_BUOY_0-20002-0-4100049_20260316T030000.bufr4: 'NoneType' object is not iterable
,,,ERROR: /Users/anujdivesh/Desktop/wis2.0/final/downloads/ocean-obs/2026/03/16/MOORED_BUOY_0-20002-0-4100049_20260316T031000.bufr4: 'NoneType' object is not iterable
,,,ERROR: /Users/anujdivesh/Desktop/wis2.0/final/downloads/ocean-obs/2026/03/16/MOORED_BUOY_0-20002-0-4100052_20260316T030000.bufr4: 'NoneType' object is not iterable
,,,ERROR: /Users/anujdivesh/Desktop/wis2.0/final/downloads/ocean-obs/2026/03/16/MOORED_BUOY_0-20002-0-4100121_20260316T030000.bufr4: 'NoneType' object is not iterable
,,,ERROR: /Users/anujdivesh/Desktop/wis2.0/final/downloads/ocean-obs/2026/03/16/MOORED_BUOY_0-20002-0-4200001_20260316T030000.bufr4: 'NoneType' object is not iterable
,,,ERROR: /Users/anujdivesh/Desktop/wis2.0/final/downloads/ocean-obs/2026/03/16/MOORED_BUOY_0-20002-0-4200001_20260316T031000.bufr4: 'NoneType' object is not iterable
,,,ERROR: /Users/anujdivesh/Desktop/wis2.0/final/downloads/ocean-obs/2026/03/16/MOORED_BUOY_0-20002-0-4200002_20260316T030000.bufr4: 'NoneType' object is not iterable
,,,ERROR: /Users/anujdivesh/Desktop/wis2.0/final/downloads/ocean-obs/2026/03/16/MOORED_BUOY_0-20002-0-4200002_20260316T031000.bufr4: 'NoneType' object is not iterable
,,,ERROR: /Users/anujdivesh/Desktop/wis2.0/final/downloads/ocean-obs/2026/03/16/MOORED_BUOY_0-20002-0-4200012_20260316T030000.bufr4: 'NoneType' object is not iterable
,,,ERROR: /Users/anujdivesh/Desktop/wis2.0/final/downloads/ocean-obs/2026/03/16/MOORED_BUOY_0-20002-0-4200012_20260316T031000.bufr4: 'NoneType' object is not iterable
,,,ERROR: /Users/anujdivesh/Desktop/wis2.0/final/downloads/ocean-obs/2026/03/16/MOORED_BUOY_0-20002-0-4200020_20260316T030000.bufr4: 'NoneType' object is not iterable
,,,ERROR: /Users/anujdivesh/Desktop/wis2.0/final/downloads/ocean-obs/2026/03/16/MOORED_BUOY_0-20002-0-4200020_20260316T031000.bufr4: 'NoneType' object is not iterable
,,,ERROR: /Users/anujdivesh/Desktop/wis2.0/final/downloads/ocean-obs/2026/03/16/MOORED_BUOY_0-20002-0-4200022_20260316T020500.bufr4: 'NoneType' object is not iterable
,,,ERROR: /Users/anujdivesh/Desktop/wis2.0/final/downloads/ocean-obs/2026/03/16/MOORED_BUOY_0-20002-0-4200022_20260316T023500.bufr4: 'NoneType' object is not iterable
,,,ERROR: /Users/anujdivesh/Desktop/wis2.0/final/downloads/ocean-obs/2026/03/16/MOORED_BUOY_0-20002-0-4200023_20260316T015700.bufr4: 'NoneType' object is not iterable
,,,ERROR: /Users/anujdivesh/Desktop/wis2.0/final/downloads/ocean-obs/2026/03/16/MOORED_BUOY_0-20002-0-4200023_20260316T020500.bufr4: 'NoneType' object is not iterable
,,,ERROR: /Users/anujdivesh/Desktop/wis2.0/final/downloads/ocean-obs/2026/03/16/MOORED_BUOY_0-20002-0-4200023_20260316T023500.bufr4: 'NoneType' object is not iterable
,,,ERROR: /Users/anujdivesh/Desktop/wis2.0/final/downloads/ocean-obs/2026/03/16/MOORED_BUOY_0-20002-0-4200028_20260316T020500.bufr4: 'NoneType' object is not iterable
,,,ERROR: /Users/anujdivesh/Desktop/wis2.0/final/downloads/ocean-obs/2026/03/16/MOORED_BUOY_0-20002-0-4200028_20260316T023500.bufr4: 'NoneType' object is not iterable
,,,ERROR: /Users/anujdivesh/Desktop/wis2.0/final/downloads/ocean-obs/2026/03/16/MOORED_BUOY_0-20002-0-4200035_20260316T030000.bufr4: 'NoneType' object is not iterable
,,,ERROR: /Users/anujdivesh/Desktop/wis2.0/final/downloads/ocean-obs/2026/03/16/MOORED_BUOY_0-20002-0-4200035_20260316T031000.bufr4: 'NoneType' object is not iterable
,,,ERROR: /Users/anujdivesh/Desktop/wis2.0/final/downloads/ocean-obs/2026/03/16/MOORED_BUOY_0-20002-0-4200036_20260316T030000.bufr4: 'NoneType' object is not iterable
,,,ERROR: /Users/anujdivesh/Desktop/wis2.0/final/downloads/ocean-obs/2026/03/16/MOORED_BUOY_0-20002-0-4200036_20260316T031000.bufr4: 'NoneType' object is not iterable
,,,ERROR: /Users/anujdivesh/Desktop/wis2.0/final/downloads/ocean-obs/2026/03/16/MOORED_BUOY_0-20002-0-4200040_20260316T030000.bufr4: 'NoneType' object is not iterable
,,,ERROR: /Users/anujdivesh/Desktop/wis2.0/final/downloads/ocean-obs/2026/03/16/MOORED_BUOY_0-20002-0-4200055_20260316T030000.bufr4: 'NoneType' object is not iterable
,,,ERROR: /Users/anujdivesh/Desktop/wis2.0/final/downloads/ocean-obs/2026/03/16/MOORED_BUOY_0-20002-0-4200056_20260316T030000.bufr4: 'NoneType' object is not iterable
,,,ERROR: /Users/anujdivesh/Desktop/wis2.0/final/downloads/ocean-obs/2026/03/16/MOORED_BUOY_0-20002-0-4200056_20260316T031000.bufr4: 'NoneType' object is not iterable
,,,ERROR: /Users/anujdivesh/Desktop/wis2.0/final/downloads/ocean-obs/2026/03/16/MOORED_BUOY_0-20002-0-4200057_20260316T030000.bufr4: 'NoneType' object is not iterable
,,,ERROR: /Users/anujdivesh/Desktop/wis2.0/final/downloads/ocean-obs/2026/03/16/MOORED_BUOY_0-20002-0-4200057_20260316T031000.bufr4: 'NoneType' object is not iterable
,,,ERROR: /Users/anujdivesh/Desktop/wis2.0/final/downloads/ocean-obs/2026/03/16/MOORED_BUOY_0-20002-0-4200060_20260316T031000.bufr4: 'NoneType' object is not iterable
,,,ERROR: /Users/anujdivesh/Desktop/wis2.0/final/downloads/ocean-obs/2026/03/16/MOORED_BUOY_0-20002-0-4200085_20260316T030000.bufr4: 'NoneType' object is not iterable
,,,ERROR: /Users/anujdivesh/Desktop/wis2.0/final/downloads/ocean-obs/2026/03/16/MOORED_BUOY_0-20002-0-4200092_20260316T030000.bufr4: 'NoneType' object is not iterable
,,,ERROR: /Users/anujdivesh/Desktop/wis2.0/final/downloads/ocean-obs/2026/03/16/MOORED_BUOY_0-20002-0-4200095_20260316T030000.bufr4: 'NoneType' object is not iterable
,,,ERROR: /Users/anujdivesh/Desktop/wis2.0/final/downloads/ocean-obs/2026/03/16/MOORED_BUOY_0-20002-0-4200098_20260316T030000.bufr4: 'NoneType' object is not iterable
,,,ERROR: /Users/anujdivesh/Desktop/wis2.0/final/downloads/ocean-obs/2026/03/16/MOORED_BUOY_0-20002-0-4300001_20260316T031200.bufr4: 'NoneType' object is not iterable
,,,ERROR: /Users/anujdivesh/Desktop/wis2.0/final/downloads/ocean-obs/2026/03/16/MOORED_BUOY_0-20002-0-4300001_20260316T032000.bufr4: 'NoneType' object is not iterable
,,,ERROR: /Users/anujdivesh/Desktop/wis2.0/final/downloads/ocean-obs/2026/03/16/MOORED_BUOY_0-20002-0-4300013_20260316T032200.bufr4: 'NoneType' object is not iterable
,,,ERROR: /Users/anujdivesh/Desktop/wis2.0/final/downloads/ocean-obs/2026/03/16/MOORED_BUOY_0-20002-0-4300301_20260316T032200.bufr4: 'NoneType' object is not iterable
,,,ERROR: /Users/anujdivesh/Desktop/wis2.0/final/downloads/ocean-obs/2026/03/16/MOORED_BUOY_0-20002-0-4400007_20260316T030000.bufr4: 'NoneType' object is not iterable
,,,ERROR: /Users/anujdivesh/Desktop/wis2.0/final/downloads/ocean-obs/2026/03/16/MOORED_BUOY_0-20002-0-4400007_20260316T031000.bufr4: 'NoneType' object is not iterable
,,,ERROR: /Users/anujdivesh/Desktop/wis2.0/final/downloads/ocean-obs/2026/03/16/MOORED_BUOY_0-20002-0-4400008_20260316T030000.bufr4: 'NoneType' object is not iterable
,,,ERROR: /Users/anujdivesh/Desktop/wis2.0/final/downloads/ocean-obs/2026/03/16/MOORED_BUOY_0-20002-0-4400008_20260316T031000.bufr4: 'NoneType' object is not iterable
,,,ERROR: /Users/anujdivesh/Desktop/wis2.0/final/downloads/ocean-obs/2026/03/16/MOORED_BUOY_0-20002-0-4400009_20260316T031000.bufr4: 'NoneType' object is not iterable
,,,ERROR: /Users/anujdivesh/Desktop/wis2.0/final/downloads/ocean-obs/2026/03/16/MOORED_BUOY_0-20002-0-4400011_20260316T030000.bufr4: 'NoneType' object is not iterable
,,,ERROR: /Users/anujdivesh/Desktop/wis2.0/final/downloads/ocean-obs/2026/03/16/MOORED_BUOY_0-20002-0-4400013_20260316T030000.bufr4: 'NoneType' object is not iterable
,,,ERROR: /Users/anujdivesh/Desktop/wis2.0/final/downloads/ocean-obs/2026/03/16/MOORED_BUOY_0-20002-0-4400014_20260316T030000.bufr4: 'NoneType' object is not iterable
,,,ERROR: /Users/anujdivesh/Desktop/wis2.0/final/downloads/ocean-obs/2026/03/16/MOORED_BUOY_0-20002-0-4400014_20260316T031000.bufr4: 'NoneType' object is not iterable
,,,ERROR: /Users/anujdivesh/Desktop/wis2.0/final/downloads/ocean-obs/2026/03/16/MOORED_BUOY_0-20002-0-4400020_20260316T031000.bufr4: 'NoneType' object is not iterable
,,,ERROR: /Users/anujdivesh/Desktop/wis2.0/final/downloads/ocean-obs/2026/03/16/MOORED_BUOY_0-20002-0-4400025_20260316T030000.bufr4: 'NoneType' object is not iterable
,,,ERROR: /Users/anujdivesh/Desktop/wis2.0/final/downloads/ocean-obs/2026/03/16/MOORED_BUOY_0-20002-0-4400027_20260316T030000.bufr4: 'NoneType' object is not iterable
,,,ERROR: /Users/anujdivesh/Desktop/wis2.0/final/downloads/ocean-obs/2026/03/16/MOORED_BUOY_0-20002-0-4400027_20260316T031000.bufr4: 'NoneType' object is not iterable
,,,ERROR: /Users/anujdivesh/Desktop/wis2.0/final/downloads/ocean-obs/2026/03/16/MOORED_BUOY_0-20002-0-4400029_20260316T014000.bufr4: 'NoneType' object is not iterable
,,,ERROR: /Users/anujdivesh/Desktop/wis2.0/final/downloads/ocean-obs/2026/03/16/MOORED_BUOY_0-20002-0-4400029_20260316T015000.bufr4: 'NoneType' object is not iterable
,,,ERROR: /Users/anujdivesh/Desktop/wis2.0/final/downloads/ocean-obs/2026/03/16/MOORED_BUOY_0-20002-0-4400029_20260316T020000.bufr4: 'NoneType' object is not iterable
,,,ERROR: /Users/anujdivesh/Desktop/wis2.0/final/downloads/ocean-obs/2026/03/16/MOORED_BUOY_0-20002-0-4400029_20260316T021000.bufr4: 'NoneType' object is not iterable
,,,ERROR: /Users/anujdivesh/Desktop/wis2.0/final/downloads/ocean-obs/2026/03/16/MOORED_BUOY_0-20002-0-4400029_20260316T022000.bufr4: 'NoneType' object is not iterable
,,,ERROR: /Users/anujdivesh/Desktop/wis2.0/final/downloads/ocean-obs/2026/03/16/MOORED_BUOY_0-20002-0-4400029_20260316T023000.bufr4: 'NoneType' object is not iterable
,,,ERROR: /Users/anujdivesh/Desktop/wis2.0/final/downloads/ocean-obs/2026/03/16/MOORED_BUOY_0-20002-0-4400030_20260316T013000.bufr4: 'NoneType' object is not iterable
,,,ERROR: /Users/anujdivesh/Desktop/wis2.0/final/downloads/ocean-obs/2026/03/16/MOORED_BUOY_0-20002-0-4400030_20260316T014000.bufr4: 'NoneType' object is not iterable
,,,ERROR: /Users/anujdivesh/Desktop/wis2.0/final/downloads/ocean-obs/2026/03/16/MOORED_BUOY_0-20002-0-4400030_20260316T015000.bufr4: 'NoneType' object is not iterable
,,,ERROR: /Users/anujdivesh/Desktop/wis2.0/final/downloads/ocean-obs/2026/03/16/MOORED_BUOY_0-20002-0-4400030_20260316T020000.bufr4: 'NoneType' object is not iterable
,,,ERROR: /Users/anujdivesh/Desktop/wis2.0/final/downloads/ocean-obs/2026/03/16/MOORED_BUOY_0-20002-0-4400030_20260316T021000.bufr4: 'NoneType' object is not iterable
,,,ERROR: /Users/anujdivesh/Desktop/wis2.0/final/downloads/ocean-obs/2026/03/16/MOORED_BUOY_0-20002-0-4400030_20260316T022000.bufr4: 'NoneType' object is not iterable
,,,ERROR: /Users/anujdivesh/Desktop/wis2.0/final/downloads/ocean-obs/2026/03/16/MOORED_BUOY_0-20002-0-4400034_20260316T014000.bufr4: 'NoneType' object is not iterable
,,,ERROR: /Users/anujdivesh/Desktop/wis2.0/final/downloads/ocean-obs/2026/03/16/MOORED_BUOY_0-20002-0-4400034_20260316T015000.bufr4: 'NoneType' object is not iterable
,,,ERROR: /Users/anujdivesh/Desktop/wis2.0/final/downloads/ocean-obs/2026/03/16/MOORED_BUOY_0-20002-0-4400034_20260316T020000.bufr4: 'NoneType' object is not iterable
,,,ERROR: /Users/anujdivesh/Desktop/wis2.0/final/downloads/ocean-obs/2026/03/16/MOORED_BUOY_0-20002-0-4400034_20260316T021000.bufr4: 'NoneType' object is not iterable
,,,ERROR: /Users/anujdivesh/Desktop/wis2.0/final/downloads/ocean-obs/2026/03/16/MOORED_BUOY_0-20002-0-4400034_20260316T022000.bufr4: 'NoneType' object is not iterable
,,,ERROR: /Users/anujdivesh/Desktop/wis2.0/final/downloads/ocean-obs/2026/03/16/MOORED_BUOY_0-20002-0-4400034_20260316T023000.bufr4: 'NoneType' object is not iterable
,,,ERROR: /Users/anujdivesh/Desktop/wis2.0/final/downloads/ocean-obs/2026/03/16/MOORED_BUOY_0-20002-0-4400050_20260316T024000.bufr4: 'NoneType' object is not iterable
,,,ERROR: /Users/anujdivesh/Desktop/wis2.0/final/downloads/ocean-obs/2026/03/16/MOORED_BUOY_0-20002-0-4400065_20260316T031000.bufr4: 'NoneType' object is not iterable
,,,ERROR: /Users/anujdivesh/Desktop/wis2.0/final/downloads/ocean-obs/2026/03/16/MOORED_BUOY_0-20002-0-4400072_20260316T025400.bufr4: 'NoneType' object is not iterable
,,,ERROR: /Users/anujdivesh/Desktop/wis2.0/final/downloads/ocean-obs/2026/03/16/MOORED_BUOY_0-20002-0-4400072_20260316T030000.bufr4: 'NoneType' object is not iterable
,,,ERROR: /Users/anujdivesh/Desktop/wis2.0/final/downloads/ocean-obs/2026/03/16/MOORED_BUOY_0-20002-0-4400073_20260316T015500.bufr4: 'NoneType' object is not iterable
,,,ERROR: /Users/anujdivesh/Desktop/wis2.0/final/downloads/ocean-obs/2026/03/16/MOORED_BUOY_0-20002-0-4400073_20260316T020500.bufr4: 'NoneType' object is not iterable
,,,ERROR: /Users/anujdivesh/Desktop/wis2.0/final/downloads/ocean-obs/2026/03/16/MOORED_BUOY_0-20002-0-4400073_20260316T021500.bufr4: 'NoneType' object is not iterable
,,,ERROR: /Users/anujdivesh/Desktop/wis2.0/final/downloads/ocean-obs/2026/03/16/MOORED_BUOY_0-20002-0-4400073_20260316T022500.bufr4: 'NoneType' object is not iterable
,,,ERROR: /Users/anujdivesh/Desktop/wis2.0/final/downloads/ocean-obs/2026/03/16/MOORED_BUOY_0-20002-0-4400073_20260316T023500.bufr4: 'NoneType' object is not iterable
,,,ERROR: /Users/anujdivesh/Desktop/wis2.0/final/downloads/ocean-obs/2026/03/16/MOORED_BUOY_0-20002-0-4400073_20260316T024500.bufr4: 'NoneType' object is not iterable
,,,ERROR: /Users/anujdivesh/Desktop/wis2.0/final/downloads/ocean-obs/2026/03/16/MOORED_BUOY_0-20002-0-4400073_20260316T025500.bufr4: 'NoneType' object is not iterable
,,,ERROR: /Users/anujdivesh/Desktop/wis2.0/final/downloads/ocean-obs/2026/03/16/MOORED_BUOY_0-20002-0-4400073_20260316T030500.bufr4: 'NoneType' object is not iterable
,,,ERROR: /Users/anujdivesh/Desktop/wis2.0/final/downloads/ocean-obs/2026/03/16/MOORED_BUOY_0-20002-0-4400085_20260316T030000.bufr4: 'NoneType' object is not iterable
,,,ERROR: /Users/anujdivesh/Desktop/wis2.0/final/downloads/ocean-obs/2026/03/16/MOORED_BUOY_0-20002-0-4400090_20260316T030000.bufr4: 'NoneType' object is not iterable
,,,ERROR: /Users/anujdivesh/Desktop/wis2.0/final/downloads/ocean-obs/2026/03/16/MOORED_BUOY_0-20002-0-4400091_20260316T030000.bufr4: 'NoneType' object is not iterable
,,,ERROR: /Users/anujdivesh/Desktop/wis2.0/final/downloads/ocean-obs/2026/03/16/MOORED_BUOY_0-20002-0-4400098_20260316T030000.bufr4: 'NoneType' object is not iterable
,,,ERROR: /Users/anujdivesh/Desktop/wis2.0/final/downloads/ocean-obs/2026/03/16/MOORED_BUOY_0-20002-0-4400137_20260316T030500.bufr4: 'NoneType' object is not iterable
,,,ERROR: /Users/anujdivesh/Desktop/wis2.0/final/downloads/ocean-obs/2026/03/16/MOORED_BUOY_0-20002-0-4400139_20260316T030500.bufr4: 'NoneType' object is not iterable
,,,ERROR: /Users/anujdivesh/Desktop/wis2.0/final/downloads/ocean-obs/2026/03/16/MOORED_BUOY_0-20002-0-4400150_20260316T030500.bufr4: 'NoneType' object is not iterable
,,,ERROR: /Users/anujdivesh/Desktop/wis2.0/final/downloads/ocean-obs/2026/03/16/MOORED_BUOY_0-20002-0-4400258_20260316T030500.bufr4: 'NoneType' object is not iterable
,,,ERROR: /Users/anujdivesh/Desktop/wis2.0/final/downloads/ocean-obs/2026/03/16/MOORED_BUOY_0-20002-0-4400488_20260316T030000.bufr4: 'NoneType' object is not iterable
,,,ERROR: /Users/anujdivesh/Desktop/wis2.0/final/downloads/ocean-obs/2026/03/16/MOORED_BUOY_0-20002-0-4600001_20260316T030000.bufr4: 'NoneType' object is not iterable
,,,ERROR: /Users/anujdivesh/Desktop/wis2.0/final/downloads/ocean-obs/2026/03/16/MOORED_BUOY_0-20002-0-4600001_20260316T031000.bufr4: 'NoneType' object is not iterable
,,,ERROR: /Users/anujdivesh/Desktop/wis2.0/final/downloads/ocean-obs/2026/03/16/MOORED_BUOY_0-20002-0-4600002_20260316T030000.bufr4: 'NoneType' object is not iterable
,,,ERROR: /Users/anujdivesh/Desktop/wis2.0/final/downloads/ocean-obs/2026/03/16/MOORED_BUOY_0-20002-0-4600002_20260316T031000.bufr4: 'NoneType' object is not iterable
,,,ERROR: /Users/anujdivesh/Desktop/wis2.0/final/downloads/ocean-obs/2026/03/16/MOORED_BUOY_0-20002-0-4600004_20260316T030500.bufr4: 'NoneType' object is not iterable
,,,ERROR: /Users/anujdivesh/Desktop/wis2.0/final/downloads/ocean-obs/2026/03/16/MOORED_BUOY_0-20002-0-4600006_20260316T030000.bufr4: 'NoneType' object is not iterable
,,,ERROR: /Users/anujdivesh/Desktop/wis2.0/final/downloads/ocean-obs/2026/03/16/MOORED_BUOY_0-20002-0-4600006_20260316T031000.bufr4: 'NoneType' object is not iterable
,,,ERROR: /Users/anujdivesh/Desktop/wis2.0/final/downloads/ocean-obs/2026/03/16/MOORED_BUOY_0-20002-0-4600011_20260316T030000.bufr4: 'NoneType' object is not iterable
,,,ERROR: /Users/anujdivesh/Desktop/wis2.0/final/downloads/ocean-obs/2026/03/16/MOORED_BUOY_0-20002-0-4600011_20260316T031000.bufr4: 'NoneType' object is not iterable
,,,ERROR: /Users/anujdivesh/Desktop/wis2.0/final/downloads/ocean-obs/2026/03/16/MOORED_BUOY_0-20002-0-4600012_20260316T030000.bufr4: 'NoneType' object is not iterable
,,,ERROR: /Users/anujdivesh/Desktop/wis2.0/final/downloads/ocean-obs/2026/03/16/MOORED_BUOY_0-20002-0-4600013_20260316T030000.bufr4: 'NoneType' object is not iterable
,,,ERROR: /Users/anujdivesh/Desktop/wis2.0/final/downloads/ocean-obs/2026/03/16/MOORED_BUOY_0-20002-0-4600014_20260316T030000.bufr4: 'NoneType' object is not iterable
,,,ERROR: /Users/anujdivesh/Desktop/wis2.0/final/downloads/ocean-obs/2026/03/16/MOORED_BUOY_0-20002-0-4600014_20260316T031000.bufr4: 'NoneType' object is not iterable
,,,ERROR: /Users/anujdivesh/Desktop/wis2.0/final/downloads/ocean-obs/2026/03/16/MOORED_BUOY_0-20002-0-4600015_20260316T030000.bufr4: 'NoneType' object is not iterable
,,,ERROR: /Users/anujdivesh/Desktop/wis2.0/final/downloads/ocean-obs/2026/03/16/MOORED_BUOY_0-20002-0-4600015_20260316T031000.bufr4: 'NoneType' object is not iterable
,,,ERROR: /Users/anujdivesh/Desktop/wis2.0/final/downloads/ocean-obs/2026/03/16/MOORED_BUOY_0-20002-0-4600022_20260316T030000.bufr4: 'NoneType' object is not iterable
,,,ERROR: /Users/anujdivesh/Desktop/wis2.0/final/downloads/ocean-obs/2026/03/16/MOORED_BUOY_0-20002-0-4600022_20260316T031000.bufr4: 'NoneType' object is not iterable
,,,ERROR: /Users/anujdivesh/Desktop/wis2.0/final/downloads/ocean-obs/2026/03/16/MOORED_BUOY_0-20002-0-4600025_20260316T025000.bufr4: 'NoneType' object is not iterable
,,,ERROR: /Users/anujdivesh/Desktop/wis2.0/final/downloads/ocean-obs/2026/03/16/MOORED_BUOY_0-20002-0-4600025_20260316T030000.bufr4: 'NoneType' object is not iterable
,,,ERROR: /Users/anujdivesh/Desktop/wis2.0/final/downloads/ocean-obs/2026/03/16/MOORED_BUOY_0-20002-0-4600026_20260316T025000.bufr4: 'NoneType' object is not iterable
,,,ERROR: /Users/anujdivesh/Desktop/wis2.0/final/downloads/ocean-obs/2026/03/16/MOORED_BUOY_0-20002-0-4600026_20260316T030000.bufr4: 'NoneType' object is not iterable
,,,ERROR: /Users/anujdivesh/Desktop/wis2.0/final/downloads/ocean-obs/2026/03/16/MOORED_BUOY_0-20002-0-4600026_20260316T031000.bufr4: 'NoneType' object is not iterable
,,,ERROR: /Users/anujdivesh/Desktop/wis2.0/final/downloads/ocean-obs/2026/03/16/MOORED_BUOY_0-20002-0-4600027_20260316T030000.bufr4: 'NoneType' object is not iterable
,,,ERROR: /Users/anujdivesh/Desktop/wis2.0/final/downloads/ocean-obs/2026/03/16/MOORED_BUOY_0-20002-0-4600028_20260316T030000.bufr4: 'NoneType' object is not iterable
,,,ERROR: /Users/anujdivesh/Desktop/wis2.0/final/downloads/ocean-obs/2026/03/16/MOORED_BUOY_0-20002-0-4600028_20260316T031000.bufr4: 'NoneType' object is not iterable
,,,ERROR: /Users/anujdivesh/Desktop/wis2.0/final/downloads/ocean-obs/2026/03/16/MOORED_BUOY_0-20002-0-4600029_20260316T030000.bufr4: 'NoneType' object is not iterable
,,,ERROR: /Users/anujdivesh/Desktop/wis2.0/final/downloads/ocean-obs/2026/03/16/MOORED_BUOY_0-20002-0-4600029_20260316T031000.bufr4: 'NoneType' object is not iterable
,,,ERROR: /Users/anujdivesh/Desktop/wis2.0/final/downloads/ocean-obs/2026/03/16/MOORED_BUOY_0-20002-0-4600035_20260316T030000.bufr4: 'NoneType' object is not iterable
,,,ERROR: /Users/anujdivesh/Desktop/wis2.0/final/downloads/ocean-obs/2026/03/16/MOORED_BUOY_0-20002-0-4600035_20260316T031000.bufr4: 'NoneType' object is not iterable
,,,ERROR: /Users/anujdivesh/Desktop/wis2.0/final/downloads/ocean-obs/2026/03/16/MOORED_BUOY_0-20002-0-4600036_20260316T030500.bufr4: 'NoneType' object is not iterable
,,,ERROR: /Users/anujdivesh/Desktop/wis2.0/final/downloads/ocean-obs/2026/03/16/MOORED_BUOY_0-20002-0-4600041_20260316T031000.bufr4: 'NoneType' object is not iterable
,,,ERROR: /Users/anujdivesh/Desktop/wis2.0/final/downloads/ocean-obs/2026/03/16/MOORED_BUOY_0-20002-0-4600047_20260316T030000.bufr4: 'NoneType' object is not iterable
,,,ERROR: /Users/anujdivesh/Desktop/wis2.0/final/downloads/ocean-obs/2026/03/16/MOORED_BUOY_0-20002-0-4600050_20260316T030000.bufr4: 'NoneType' object is not iterable
,,,ERROR: /Users/anujdivesh/Desktop/wis2.0/final/downloads/ocean-obs/2026/03/16/MOORED_BUOY_0-20002-0-4600050_20260316T031000.bufr4: 'NoneType' object is not iterable
,,,ERROR: /Users/anujdivesh/Desktop/wis2.0/final/downloads/ocean-obs/2026/03/16/MOORED_BUOY_0-20002-0-4600053_20260316T023000.bufr4: 'NoneType' object is not iterable
,,,ERROR: /Users/anujdivesh/Desktop/wis2.0/final/downloads/ocean-obs/2026/03/16/MOORED_BUOY_0-20002-0-4600053_20260316T024000.bufr4: 'NoneType' object is not iterable
,,,ERROR: /Users/anujdivesh/Desktop/wis2.0/final/downloads/ocean-obs/2026/03/16/MOORED_BUOY_0-20002-0-4600053_20260316T025000.bufr4: 'NoneType' object is not iterable
,,,ERROR: /Users/anujdivesh/Desktop/wis2.0/final/downloads/ocean-obs/2026/03/16/MOORED_BUOY_0-20002-0-4600053_20260316T030000.bufr4: 'NoneType' object is not iterable
,,,ERROR: /Users/anujdivesh/Desktop/wis2.0/final/downloads/ocean-obs/2026/03/16/MOORED_BUOY_0-20002-0-4600054_20260316T030000.bufr4: 'NoneType' object is not iterable
,,,ERROR: /Users/anujdivesh/Desktop/wis2.0/final/downloads/ocean-obs/2026/03/16/MOORED_BUOY_0-20002-0-4600059_20260316T030000.bufr4: 'NoneType' object is not iterable
,,,ERROR: /Users/anujdivesh/Desktop/wis2.0/final/downloads/ocean-obs/2026/03/16/MOORED_BUOY_0-20002-0-4600059_20260316T031000.bufr4: 'NoneType' object is not iterable
,,,ERROR: /Users/anujdivesh/Desktop/wis2.0/final/downloads/ocean-obs/2026/03/16/MOORED_BUOY_0-20002-0-4600060_20260316T030000.bufr4: 'NoneType' object is not iterable
,,,ERROR: /Users/anujdivesh/Desktop/wis2.0/final/downloads/ocean-obs/2026/03/16/MOORED_BUOY_0-20002-0-4600060_20260316T031000.bufr4: 'NoneType' object is not iterable
,,,ERROR: /Users/anujdivesh/Desktop/wis2.0/final/downloads/ocean-obs/2026/03/16/MOORED_BUOY_0-20002-0-4600061_20260316T030000.bufr4: 'NoneType' object is not iterable
,,,ERROR: /Users/anujdivesh/Desktop/wis2.0/final/downloads/ocean-obs/2026/03/16/MOORED_BUOY_0-20002-0-4600061_20260316T031000.bufr4: 'NoneType' object is not iterable
,,,ERROR: /Users/anujdivesh/Desktop/wis2.0/final/downloads/ocean-obs/2026/03/16/MOORED_BUOY_0-20002-0-4600066_20260316T030000.bufr4: 'NoneType' object is not iterable
,,,ERROR: /Users/anujdivesh/Desktop/wis2.0/final/downloads/ocean-obs/2026/03/16/MOORED_BUOY_0-20002-0-4600066_20260316T031000.bufr4: 'NoneType' object is not iterable
,,,ERROR: /Users/anujdivesh/Desktop/wis2.0/final/downloads/ocean-obs/2026/03/16/MOORED_BUOY_0-20002-0-4600069_20260316T030000.bufr4: 'NoneType' object is not iterable
,,,ERROR: /Users/anujdivesh/Desktop/wis2.0/final/downloads/ocean-obs/2026/03/16/MOORED_BUOY_0-20002-0-4600070_20260316T030000.bufr4: 'NoneType' object is not iterable
,,,ERROR: /Users/anujdivesh/Desktop/wis2.0/final/downloads/ocean-obs/2026/03/16/MOORED_BUOY_0-20002-0-4600070_20260316T031000.bufr4: 'NoneType' object is not iterable
,,,ERROR: /Users/anujdivesh/Desktop/wis2.0/final/downloads/ocean-obs/2026/03/16/MOORED_BUOY_0-20002-0-4600071_20260316T030000.bufr4: 'NoneType' object is not iterable
,,,ERROR: /Users/anujdivesh/Desktop/wis2.0/final/downloads/ocean-obs/2026/03/16/MOORED_BUOY_0-20002-0-4600071_20260316T031000.bufr4: 'NoneType' object is not iterable
,,,ERROR: /Users/anujdivesh/Desktop/wis2.0/final/downloads/ocean-obs/2026/03/16/MOORED_BUOY_0-20002-0-4600072_20260316T030000.bufr4: 'NoneType' object is not iterable
,,,ERROR: /Users/anujdivesh/Desktop/wis2.0/final/downloads/ocean-obs/2026/03/16/MOORED_BUOY_0-20002-0-4600072_20260316T031000.bufr4: 'NoneType' object is not iterable
,,,ERROR: /Users/anujdivesh/Desktop/wis2.0/final/downloads/ocean-obs/2026/03/16/MOORED_BUOY_0-20002-0-4600076_20260316T030000.bufr4: 'NoneType' object is not iterable
,,,ERROR: /Users/anujdivesh/Desktop/wis2.0/final/downloads/ocean-obs/2026/03/16/MOORED_BUOY_0-20002-0-4600076_20260316T031000.bufr4: 'NoneType' object is not iterable
,,,ERROR: /Users/anujdivesh/Desktop/wis2.0/final/downloads/ocean-obs/2026/03/16/MOORED_BUOY_0-20002-0-4600077_20260316T030000.bufr4: 'NoneType' object is not iterable
,,,ERROR: /Users/anujdivesh/Desktop/wis2.0/final/downloads/ocean-obs/2026/03/16/MOORED_BUOY_0-20002-0-4600077_20260316T031000.bufr4: 'NoneType' object is not iterable
,,,ERROR: /Users/anujdivesh/Desktop/wis2.0/final/downloads/ocean-obs/2026/03/16/MOORED_BUOY_0-20002-0-4600080_20260316T030000.bufr4: 'NoneType' object is not iterable
,,,ERROR: /Users/anujdivesh/Desktop/wis2.0/final/downloads/ocean-obs/2026/03/16/MOORED_BUOY_0-20002-0-4600080_20260316T031000.bufr4: 'NoneType' object is not iterable
,,,ERROR: /Users/anujdivesh/Desktop/wis2.0/final/downloads/ocean-obs/2026/03/16/MOORED_BUOY_0-20002-0-4600081_20260316T030000.bufr4: 'NoneType' object is not iterable
,,,ERROR: /Users/anujdivesh/Desktop/wis2.0/final/downloads/ocean-obs/2026/03/16/MOORED_BUOY_0-20002-0-4600081_20260316T031000.bufr4: 'NoneType' object is not iterable
,,,ERROR: /Users/anujdivesh/Desktop/wis2.0/final/downloads/ocean-obs/2026/03/16/MOORED_BUOY_0-20002-0-4600082_20260316T030000.bufr4: 'NoneType' object is not iterable
,,,ERROR: /Users/anujdivesh/Desktop/wis2.0/final/downloads/ocean-obs/2026/03/16/MOORED_BUOY_0-20002-0-4600082_20260316T031000.bufr4: 'NoneType' object is not iterable
,,,ERROR: /Users/anujdivesh/Desktop/wis2.0/final/downloads/ocean-obs/2026/03/16/MOORED_BUOY_0-20002-0-4600083_20260316T030000.bufr4: 'NoneType' object is not iterable
,,,ERROR: /Users/anujdivesh/Desktop/wis2.0/final/downloads/ocean-obs/2026/03/16/MOORED_BUOY_0-20002-0-4600083_20260316T031000.bufr4: 'NoneType' object is not iterable
,,,ERROR: /Users/anujdivesh/Desktop/wis2.0/final/downloads/ocean-obs/2026/03/16/MOORED_BUOY_0-20002-0-4600084_20260316T030000.bufr4: 'NoneType' object is not iterable
,,,ERROR: /Users/anujdivesh/Desktop/wis2.0/final/downloads/ocean-obs/2026/03/16/MOORED_BUOY_0-20002-0-4600084_20260316T031000.bufr4: 'NoneType' object is not iterable
,,,ERROR: /Users/anujdivesh/Desktop/wis2.0/final/downloads/ocean-obs/2026/03/16/MOORED_BUOY_0-20002-0-4600085_20260316T030000.bufr4: 'NoneType' object is not iterable
,,,ERROR: /Users/anujdivesh/Desktop/wis2.0/final/downloads/ocean-obs/2026/03/16/MOORED_BUOY_0-20002-0-4600085_20260316T031000.bufr4: 'NoneType' object is not iterable
,,,ERROR: /Users/anujdivesh/Desktop/wis2.0/final/downloads/ocean-obs/2026/03/16/MOORED_BUOY_0-20002-0-4600086_20260316T030000.bufr4: 'NoneType' object is not iterable
,,,ERROR: /Users/anujdivesh/Desktop/wis2.0/final/downloads/ocean-obs/2026/03/16/MOORED_BUOY_0-20002-0-4600086_20260316T031000.bufr4: 'NoneType' object is not iterable
,,,ERROR: /Users/anujdivesh/Desktop/wis2.0/final/downloads/ocean-obs/2026/03/16/MOORED_BUOY_0-20002-0-4600087_20260316T030000.bufr4: 'NoneType' object is not iterable
,,,ERROR: /Users/anujdivesh/Desktop/wis2.0/final/downloads/ocean-obs/2026/03/16/MOORED_BUOY_0-20002-0-4600087_20260316T031000.bufr4: 'NoneType' object is not iterable
,,,ERROR: /Users/anujdivesh/Desktop/wis2.0/final/downloads/ocean-obs/2026/03/16/MOORED_BUOY_0-20002-0-4600088_20260316T030000.bufr4: 'NoneType' object is not iterable
,,,ERROR: /Users/anujdivesh/Desktop/wis2.0/final/downloads/ocean-obs/2026/03/16/MOORED_BUOY_0-20002-0-4600088_20260316T031000.bufr4: 'NoneType' object is not iterable
,,,ERROR: /Users/anujdivesh/Desktop/wis2.0/final/downloads/ocean-obs/2026/03/16/MOORED_BUOY_0-20002-0-4600131_20260316T030500.bufr4: 'NoneType' object is not iterable
,,,ERROR: /Users/anujdivesh/Desktop/wis2.0/final/downloads/ocean-obs/2026/03/16/MOORED_BUOY_0-20002-0-4600132_20260316T030500.bufr4: 'NoneType' object is not iterable
,,,ERROR: /Users/anujdivesh/Desktop/wis2.0/final/downloads/ocean-obs/2026/03/16/MOORED_BUOY_0-20002-0-4600145_20260316T030500.bufr4: 'NoneType' object is not iterable
,,,ERROR: /Users/anujdivesh/Desktop/wis2.0/final/downloads/ocean-obs/2026/03/16/MOORED_BUOY_0-20002-0-4600184_20260316T030500.bufr4: 'NoneType' object is not iterable
,,,ERROR: /Users/anujdivesh/Desktop/wis2.0/final/downloads/ocean-obs/2026/03/16/MOORED_BUOY_0-20002-0-4600185_20260316T030500.bufr4: 'NoneType' object is not iterable
,,,ERROR: /Users/anujdivesh/Desktop/wis2.0/final/downloads/ocean-obs/2026/03/16/MOORED_BUOY_0-20002-0-4600204_20260316T030500.bufr4: 'NoneType' object is not iterable
,,,ERROR: /Users/anujdivesh/Desktop/wis2.0/final/downloads/ocean-obs/2026/03/16/MOORED_BUOY_0-20002-0-4600205_20260316T030500.bufr4: 'NoneType' object is not iterable
,,,ERROR: /Users/anujdivesh/Desktop/wis2.0/final/downloads/ocean-obs/2026/03/16/MOORED_BUOY_0-20002-0-4600206_20260316T030500.bufr4: 'NoneType' object is not iterable
,,,ERROR: /Users/anujdivesh/Desktop/wis2.0/final/downloads/ocean-obs/2026/03/16/MOORED_BUOY_0-20002-0-4600207_20260316T030500.bufr4: 'NoneType' object is not iterable
,,,ERROR: /Users/anujdivesh/Desktop/wis2.0/final/downloads/ocean-obs/2026/03/16/MOORED_BUOY_0-20002-0-4600208_20260316T030500.bufr4: 'NoneType' object is not iterable
,,,ERROR: /Users/anujdivesh/Desktop/wis2.0/final/downloads/ocean-obs/2026/03/16/MOORED_BUOY_0-20002-0-4600213_20260316T025600.bufr4: 'NoneType' object is not iterable
,,,ERROR: /Users/anujdivesh/Desktop/wis2.0/final/downloads/ocean-obs/2026/03/16/MOORED_BUOY_0-20002-0-4600229_20260316T030000.bufr4: 'NoneType' object is not iterable
,,,ERROR: /Users/anujdivesh/Desktop/wis2.0/final/downloads/ocean-obs/2026/03/16/MOORED_BUOY_0-20002-0-4600237_20260316T023000.bufr4: 'NoneType' object is not iterable
,,,ERROR: /Users/anujdivesh/Desktop/wis2.0/final/downloads/ocean-obs/2026/03/16/MOORED_BUOY_0-20002-0-4600237_20260316T030000.bufr4: 'NoneType' object is not iterable
,,,ERROR: /Users/anujdivesh/Desktop/wis2.0/final/downloads/ocean-obs/2026/03/16/MOORED_BUOY_0-20002-0-4600239_20260316T030000.bufr4: 'NoneType' object is not iterable
,,,ERROR: /Users/anujdivesh/Desktop/wis2.0/final/downloads/ocean-obs/2026/03/16/MOORED_BUOY_0-20002-0-4600243_20260316T030000.bufr4: 'NoneType' object is not iterable
,,,ERROR: /Users/anujdivesh/Desktop/wis2.0/final/downloads/ocean-obs/2026/03/16/MOORED_BUOY_0-20002-0-4600254_20260316T025600.bufr4: 'NoneType' object is not iterable
,,,ERROR: /Users/anujdivesh/Desktop/wis2.0/final/downloads/ocean-obs/2026/03/16/MOORED_BUOY_0-20002-0-4600266_20260316T015600.bufr4: 'NoneType' object is not iterable
,,,ERROR: /Users/anujdivesh/Desktop/wis2.0/final/downloads/ocean-obs/2026/03/16/MOORED_BUOY_0-20002-0-4600266_20260316T025600.bufr4: 'NoneType' object is not iterable
,,,ERROR: /Users/anujdivesh/Desktop/wis2.0/final/downloads/ocean-obs/2026/03/16/MOORED_BUOY_0-20002-0-4600268_20260316T030000.bufr4: 'NoneType' object is not iterable
,,,ERROR: /Users/anujdivesh/Desktop/wis2.0/final/downloads/ocean-obs/2026/03/16/MOORED_BUOY_0-20002-0-4600274_20260316T015600.bufr4: 'NoneType' object is not iterable
,,,ERROR: /Users/anujdivesh/Desktop/wis2.0/final/downloads/ocean-obs/2026/03/16/MOORED_BUOY_0-20002-0-4600274_20260316T025600.bufr4: 'NoneType' object is not iterable
,,,ERROR: /Users/anujdivesh/Desktop/wis2.0/final/downloads/ocean-obs/2026/03/16/MOORED_BUOY_0-20002-0-4600278_20260316T023000.bufr4: 'NoneType' object is not iterable
,,,ERROR: /Users/anujdivesh/Desktop/wis2.0/final/downloads/ocean-obs/2026/03/16/MOORED_BUOY_0-20002-0-4600278_20260316T030000.bufr4: 'NoneType' object is not iterable
,,,ERROR: /Users/anujdivesh/Desktop/wis2.0/final/downloads/ocean-obs/2026/03/16/MOORED_BUOY_0-20002-0-4600280_20260316T025600.bufr4: 'NoneType' object is not iterable
,,,ERROR: /Users/anujdivesh/Desktop/wis2.0/final/downloads/ocean-obs/2026/03/16/MOORED_BUOY_0-20002-0-4600303_20260316T030000.bufr4: 'NoneType' object is not iterable
,,,ERROR: /Users/anujdivesh/Desktop/wis2.0/final/downloads/ocean-obs/2026/03/16/MOORED_BUOY_0-20002-0-4600304_20260316T030000.bufr4: 'NoneType' object is not iterable
,,,ERROR: /Users/anujdivesh/Desktop/wis2.0/final/downloads/ocean-obs/2026/03/16/MOORED_BUOY_0-20002-0-5100000_20260316T030000.bufr4: 'NoneType' object is not iterable
,,,ERROR: /Users/anujdivesh/Desktop/wis2.0/final/downloads/ocean-obs/2026/03/16/MOORED_BUOY_0-20002-0-5100000_20260316T031000.bufr4: 'NoneType' object is not iterable
,,,ERROR: /Users/anujdivesh/Desktop/wis2.0/final/downloads/ocean-obs/2026/03/16/MOORED_BUOY_0-20002-0-5100001_20260316T030000.bufr4: 'NoneType' object is not iterable
,,,ERROR: /Users/anujdivesh/Desktop/wis2.0/final/downloads/ocean-obs/2026/03/16/MOORED_BUOY_0-20002-0-5100001_20260316T031000.bufr4: 'NoneType' object is not iterable
,,,ERROR: /Users/anujdivesh/Desktop/wis2.0/final/downloads/ocean-obs/2026/03/16/MOORED_BUOY_0-20002-0-5100002_20260316T030000.bufr4: 'NoneType' object is not iterable
,,,ERROR: /Users/anujdivesh/Desktop/wis2.0/final/downloads/ocean-obs/2026/03/16/MOORED_BUOY_0-20002-0-5100002_20260316T031000.bufr4: 'NoneType' object is not iterable
,,,ERROR: /Users/anujdivesh/Desktop/wis2.0/final/downloads/ocean-obs/2026/03/16/MOORED_BUOY_0-20002-0-5100004_20260316T030000.bufr4: 'NoneType' object is not iterable
,,,ERROR: /Users/anujdivesh/Desktop/wis2.0/final/downloads/ocean-obs/2026/03/16/MOORED_BUOY_0-20002-0-5100004_20260316T031000.bufr4: 'NoneType' object is not iterable
,,,ERROR: /Users/anujdivesh/Desktop/wis2.0/final/downloads/ocean-obs/2026/03/16/MOORED_BUOY_0-20002-0-5100007_20260316T030200.bufr4: 'NoneType' object is not iterable
,,,ERROR: /Users/anujdivesh/Desktop/wis2.0/final/downloads/ocean-obs/2026/03/16/MOORED_BUOY_0-20002-0-5100009_20260316T030000.bufr4: 'NoneType' object is not iterable
,,,ERROR: /Users/anujdivesh/Desktop/wis2.0/final/downloads/ocean-obs/2026/03/16/MOORED_BUOY_0-20002-0-5100010_20260316T031200.bufr4: 'NoneType' object is not iterable
,,,ERROR: /Users/anujdivesh/Desktop/wis2.0/final/downloads/ocean-obs/2026/03/16/MOORED_BUOY_0-20002-0-5100010_20260316T032200.bufr4: 'NoneType' object is not iterable
,,,ERROR: /Users/anujdivesh/Desktop/wis2.0/final/downloads/ocean-obs/2026/03/16/MOORED_BUOY_0-20002-0-5100016_20260316T031200.bufr4: 'NoneType' object is not iterable
,,,ERROR: /Users/anujdivesh/Desktop/wis2.0/final/downloads/ocean-obs/2026/03/16/MOORED_BUOY_0-20002-0-5100016_20260316T032200.bufr4: 'NoneType' object is not iterable
,,,ERROR: /Users/anujdivesh/Desktop/wis2.0/final/downloads/ocean-obs/2026/03/16/MOORED_BUOY_0-20002-0-5100017_20260316T030000.bufr4: 'NoneType' object is not iterable
,,,ERROR: /Users/anujdivesh/Desktop/wis2.0/final/downloads/ocean-obs/2026/03/16/MOORED_BUOY_0-20002-0-5100021_20260316T031200.bufr4: 'NoneType' object is not iterable
,,,ERROR: /Users/anujdivesh/Desktop/wis2.0/final/downloads/ocean-obs/2026/03/16/MOORED_BUOY_0-20002-0-5100021_20260316T032200.bufr4: 'NoneType' object is not iterable
,,,ERROR: /Users/anujdivesh/Desktop/wis2.0/final/downloads/ocean-obs/2026/03/16/MOORED_BUOY_0-20002-0-5100022_20260316T031000.bufr4: 'NoneType' object is not iterable
,,,ERROR: /Users/anujdivesh/Desktop/wis2.0/final/downloads/ocean-obs/2026/03/16/MOORED_BUOY_0-20002-0-5100022_20260316T032000.bufr4: 'NoneType' object is not iterable
,,,ERROR: /Users/anujdivesh/Desktop/wis2.0/final/downloads/ocean-obs/2026/03/16/MOORED_BUOY_0-20002-0-5100023_20260316T032200.bufr4: 'NoneType' object is not iterable
,,,ERROR: /Users/anujdivesh/Desktop/wis2.0/final/downloads/ocean-obs/2026/03/16/MOORED_BUOY_0-20002-0-5100101_20260316T030000.bufr4: 'NoneType' object is not iterable
,,,ERROR: /Users/anujdivesh/Desktop/wis2.0/final/downloads/ocean-obs/2026/03/16/MOORED_BUOY_0-20002-0-5100101_20260316T031000.bufr4: 'NoneType' object is not iterable
,,,ERROR: /Users/anujdivesh/Desktop/wis2.0/final/downloads/ocean-obs/2026/03/16/MOORED_BUOY_0-20002-0-5100206_20260316T025600.bufr4: 'NoneType' object is not iterable
,,,ERROR: /Users/anujdivesh/Desktop/wis2.0/final/downloads/ocean-obs/2026/03/16/MOORED_BUOY_0-20002-0-5100211_20260316T023000.bufr4: 'NoneType' object is not iterable
,,,ERROR: /Users/anujdivesh/Desktop/wis2.0/final/downloads/ocean-obs/2026/03/16/MOORED_BUOY_0-20002-0-5100211_20260316T030000.bufr4: 'NoneType' object is not iterable
,,,ERROR: /Users/anujdivesh/Desktop/wis2.0/final/downloads/ocean-obs/2026/03/16/MOORED_BUOY_0-20002-0-5100212_20260316T030000.bufr4: 'NoneType' object is not iterable
,,,ERROR: /Users/anujdivesh/Desktop/wis2.0/final/downloads/ocean-obs/2026/03/16/MOORED_BUOY_0-20002-0-5100214_20260316T030000.bufr4: 'NoneType' object is not iterable
,,,ERROR: /Users/anujdivesh/Desktop/wis2.0/final/downloads/ocean-obs/2026/03/16/MOORED_BUOY_0-20002-0-5100303_20260316T031200.bufr4: 'NoneType' object is not iterable
,,,ERROR: /Users/anujdivesh/Desktop/wis2.0/final/downloads/ocean-obs/2026/03/16/MOORED_BUOY_0-20002-0-5100303_20260316T032200.bufr4: 'NoneType' object is not iterable
,,,ERROR: /Users/anujdivesh/Desktop/wis2.0/final/downloads/ocean-obs/2026/03/16/MOORED_BUOY_0-20002-0-5100304_20260316T030000.bufr4: 'NoneType' object is not iterable
,,,ERROR: /Users/anujdivesh/Desktop/wis2.0/final/downloads/ocean-obs/2026/03/16/MOORED_BUOY_0-20002-0-5100305_20260316T031200.bufr4: 'NoneType' object is not iterable
,,,ERROR: /Users/anujdivesh/Desktop/wis2.0/final/downloads/ocean-obs/2026/03/16/MOORED_BUOY_0-20002-0-5100305_20260316T032200.bufr4: 'NoneType' object is not iterable
,,,ERROR: /Users/anujdivesh/Desktop/wis2.0/final/downloads/ocean-obs/2026/03/16/MOORED_BUOY_0-20002-0-5100306_20260316T031200.bufr4: 'NoneType' object is not iterable
,,,ERROR: /Users/anujdivesh/Desktop/wis2.0/final/downloads/ocean-obs/2026/03/16/MOORED_BUOY_0-20002-0-5100306_20260316T032200.bufr4: 'NoneType' object is not iterable
,,,ERROR: /Users/anujdivesh/Desktop/wis2.0/final/downloads/ocean-obs/2026/03/16/MOORED_BUOY_0-20002-0-5100310_20260316T030000.bufr4: 'NoneType' object is not iterable
,,,ERROR: /Users/anujdivesh/Desktop/wis2.0/final/downloads/ocean-obs/2026/03/16/MOORED_BUOY_0-20002-0-5100311_20260316T030000.bufr4: 'NoneType' object is not iterable
,,,ERROR: /Users/anujdivesh/Desktop/wis2.0/final/downloads/ocean-obs/2026/03/16/MOORED_BUOY_0-20002-0-5100312_20260316T031200.bufr4: 'NoneType' object is not iterable
,,,ERROR: /Users/anujdivesh/Desktop/wis2.0/final/downloads/ocean-obs/2026/03/16/MOORED_BUOY_0-20002-0-5100312_20260316T032200.bufr4: 'NoneType' object is not iterable
,,,ERROR: /Users/anujdivesh/Desktop/wis2.0/final/downloads/ocean-obs/2026/03/16/MOORED_BUOY_0-20002-0-5200001_20260316T031200.bufr4: 'NoneType' object is not iterable
,,,ERROR: /Users/anujdivesh/Desktop/wis2.0/final/downloads/ocean-obs/2026/03/16/MOORED_BUOY_0-20002-0-5200001_20260316T032200.bufr4: 'NoneType' object is not iterable
,,,ERROR: /Users/anujdivesh/Desktop/wis2.0/final/downloads/ocean-obs/2026/03/16/MOORED_BUOY_0-20002-0-5200002_20260316T032200.bufr4: 'NoneType' object is not iterable
,,,ERROR: /Users/anujdivesh/Desktop/wis2.0/final/downloads/ocean-obs/2026/03/16/MOORED_BUOY_0-20002-0-5200003_20260316T030000.bufr4: 'NoneType' object is not iterable
,,,ERROR: /Users/anujdivesh/Desktop/wis2.0/final/downloads/ocean-obs/2026/03/16/MOORED_BUOY_0-20002-0-5200004_20260316T030000.bufr4: 'NoneType' object is not iterable
,,,ERROR: /Users/anujdivesh/Desktop/wis2.0/final/downloads/ocean-obs/2026/03/16/MOORED_BUOY_0-20002-0-5200006_20260316T031200.bufr4: 'NoneType' object is not iterable
,,,ERROR: /Users/anujdivesh/Desktop/wis2.0/final/downloads/ocean-obs/2026/03/16/MOORED_BUOY_0-20002-0-5200006_20260316T032200.bufr4: 'NoneType' object is not iterable
,,,ERROR: /Users/anujdivesh/Desktop/wis2.0/final/downloads/ocean-obs/2026/03/16/MOORED_BUOY_0-20002-0-5200007_20260316T030000.bufr4: 'NoneType' object is not iterable
,,,ERROR: /Users/anujdivesh/Desktop/wis2.0/final/downloads/ocean-obs/2026/03/16/MOORED_BUOY_0-20002-0-5200013_20260316T031200.bufr4: 'NoneType' object is not iterable
,,,ERROR: /Users/anujdivesh/Desktop/wis2.0/final/downloads/ocean-obs/2026/03/16/MOORED_BUOY_0-20002-0-5200013_20260316T032200.bufr4: 'NoneType' object is not iterable
,,,ERROR: /Users/anujdivesh/Desktop/wis2.0/final/downloads/ocean-obs/2026/03/16/MOORED_BUOY_0-20002-0-5200213_20260316T023000.bufr4: 'NoneType' object is not iterable
,,,ERROR: /Users/anujdivesh/Desktop/wis2.0/final/downloads/ocean-obs/2026/03/16/MOORED_BUOY_0-20002-0-5200213_20260316T030000.bufr4: 'NoneType' object is not iterable
,,,ERROR: /Users/anujdivesh/Desktop/wis2.0/final/downloads/ocean-obs/2026/03/16/MOORED_BUOY_0-20002-0-5200310_20260316T031200.bufr4: 'NoneType' object is not iterable
,,,ERROR: /Users/anujdivesh/Desktop/wis2.0/final/downloads/ocean-obs/2026/03/16/MOORED_BUOY_0-20002-0-5200310_20260316T032200.bufr4: 'NoneType' object is not iterable
,,,ERROR: /Users/anujdivesh/Desktop/wis2.0/final/downloads/ocean-obs/2026/03/16/MOORED_BUOY_0-20002-0-5200311_20260316T031200.bufr4: 'NoneType' object is not iterable
,,,ERROR: /Users/anujdivesh/Desktop/wis2.0/final/downloads/ocean-obs/2026/03/16/MOORED_BUOY_0-20002-0-5200311_20260316T032200.bufr4: 'NoneType' object is not iterable
,,,ERROR: /Users/anujdivesh/Desktop/wis2.0/final/downloads/ocean-obs/2026/03/16/MOORED_BUOY_0-20002-0-5200312_20260316T031200.bufr4: 'NoneType' object is not iterable
,,,ERROR: /Users/anujdivesh/Desktop/wis2.0/final/downloads/ocean-obs/2026/03/16/MOORED_BUOY_0-20002-0-5200312_20260316T032200.bufr4: 'NoneType' object is not iterable
,,,ERROR: /Users/anujdivesh/Desktop/wis2.0/final/downloads/ocean-obs/2026/03/16/MOORED_BUOY_0-20002-0-5200321_20260316T031200.bufr4: 'NoneType' object is not iterable
,,,ERROR: /Users/anujdivesh/Desktop/wis2.0/final/downloads/ocean-obs/2026/03/16/MOORED_BUOY_0-20002-0-5200321_20260316T032200.bufr4: 'NoneType' object is not iterable
,,,ERROR: /Users/anujdivesh/Desktop/wis2.0/final/downloads/ocean-obs/2026/03/16/MOORED_BUOY_0-20002-0-6100021_20260316T024000.bufr4: 'NoneType' object is not iterable
,,,ERROR: /Users/anujdivesh/Desktop/wis2.0/final/downloads/ocean-obs/2026/03/16/MOORED_BUOY_0-20002-0-6100022_20260316T024000.bufr4: 'NoneType' object is not iterable
,,,ERROR: /Users/anujdivesh/Desktop/wis2.0/final/downloads/ocean-obs/2026/03/16/MOORED_BUOY_0-20002-0-6100023_20260316T024000.bufr4: 'NoneType' object is not iterable
,,,ERROR: /Users/anujdivesh/Desktop/wis2.0/final/downloads/ocean-obs/2026/03/16/MOORED_BUOY_0-20002-0-6100188_20260316T024000.bufr4: 'NoneType' object is not iterable
,,,ERROR: /Users/anujdivesh/Desktop/wis2.0/final/downloads/ocean-obs/2026/03/16/MOORED_BUOY_0-20002-0-6100294_20260316T024000.bufr4: 'NoneType' object is not iterable
,,,ERROR: /Users/anujdivesh/Desktop/wis2.0/final/downloads/ocean-obs/2026/03/16/MOORED_BUOY_0-20002-0-6100431_20260316T024000.bufr4: 'NoneType' object is not iterable
,,,ERROR: /Users/anujdivesh/Desktop/wis2.0/final/downloads/ocean-obs/2026/03/16/MOORED_BUOY_0-20002-0-6200053_20260316T024000.bufr4: 'NoneType' object is not iterable
,,,ERROR: /Users/anujdivesh/Desktop/wis2.0/final/downloads/ocean-obs/2026/03/16/MOORED_BUOY_0-20002-0-6200053_20260316T031000.bufr4: 'NoneType' object is not iterable
,,,ERROR: /Users/anujdivesh/Desktop/wis2.0/final/downloads/ocean-obs/2026/03/16/MOORED_BUOY_0-20002-0-6200059_20260316T021000.bufr4: 'NoneType' object is not iterable
,,,ERROR: /Users/anujdivesh/Desktop/wis2.0/final/downloads/ocean-obs/2026/03/16/MOORED_BUOY_0-20002-0-6200059_20260316T024000.bufr4: 'NoneType' object is not iterable
,,,ERROR: /Users/anujdivesh/Desktop/wis2.0/final/downloads/ocean-obs/2026/03/16/MOORED_BUOY_0-20002-0-6200064_20260316T024000.bufr4: 'NoneType' object is not iterable
,,,ERROR: /Users/anujdivesh/Desktop/wis2.0/final/downloads/ocean-obs/2026/03/16/MOORED_BUOY_0-20002-0-6200066_20260316T024000.bufr4: 'NoneType' object is not iterable
,,,ERROR: /Users/anujdivesh/Desktop/wis2.0/final/downloads/ocean-obs/2026/03/16/MOORED_BUOY_0-20002-0-6200067_20260316T022000.bufr4: 'NoneType' object is not iterable
,,,ERROR: /Users/anujdivesh/Desktop/wis2.0/final/downloads/ocean-obs/2026/03/16/MOORED_BUOY_0-20002-0-6200074_20260316T024000.bufr4: 'NoneType' object is not iterable
,,,ERROR: /Users/anujdivesh/Desktop/wis2.0/final/downloads/ocean-obs/2026/03/16/MOORED_BUOY_0-20002-0-6200074_20260316T031000.bufr4: 'NoneType' object is not iterable
,,,ERROR: /Users/anujdivesh/Desktop/wis2.0/final/downloads/ocean-obs/2026/03/16/MOORED_BUOY_0-20002-0-6200078_20260316T024000.bufr4: 'NoneType' object is not iterable
,,,ERROR: /Users/anujdivesh/Desktop/wis2.0/final/downloads/ocean-obs/2026/03/16/MOORED_BUOY_0-20002-0-6200078_20260316T031000.bufr4: 'NoneType' object is not iterable
,,,ERROR: /Users/anujdivesh/Desktop/wis2.0/final/downloads/ocean-obs/2026/03/16/MOORED_BUOY_0-20002-0-6200079_20260316T024000.bufr4: 'NoneType' object is not iterable
,,,ERROR: /Users/anujdivesh/Desktop/wis2.0/final/downloads/ocean-obs/2026/03/16/MOORED_BUOY_0-20002-0-6200080_20260316T024000.bufr4: 'NoneType' object is not iterable
,,,ERROR: /Users/anujdivesh/Desktop/wis2.0/final/downloads/ocean-obs/2026/03/16/MOORED_BUOY_0-20002-0-6200091_20260316T030000.bufr4: 'NoneType' object is not iterable
,,,ERROR: /Users/anujdivesh/Desktop/wis2.0/final/downloads/ocean-obs/2026/03/16/MOORED_BUOY_0-20002-0-6200092_20260316T030000.bufr4: 'NoneType' object is not iterable
,,,ERROR: /Users/anujdivesh/Desktop/wis2.0/final/downloads/ocean-obs/2026/03/16/MOORED_BUOY_0-20002-0-6200093_20260316T030000.bufr4: 'NoneType' object is not iterable
,,,ERROR: /Users/anujdivesh/Desktop/wis2.0/final/downloads/ocean-obs/2026/03/16/MOORED_BUOY_0-20002-0-6200094_20260316T030000.bufr4: 'NoneType' object is not iterable
,,,ERROR: /Users/anujdivesh/Desktop/wis2.0/final/downloads/ocean-obs/2026/03/16/MOORED_BUOY_0-20002-0-6200095_20260316T030000.bufr4: 'NoneType' object is not iterable
,,,ERROR: /Users/anujdivesh/Desktop/wis2.0/final/downloads/ocean-obs/2026/03/16/MOORED_BUOY_0-20002-0-6200251_20260316T024000.bufr4: 'NoneType' object is not iterable
,,,ERROR: /Users/anujdivesh/Desktop/wis2.0/final/downloads/ocean-obs/2026/03/16/MOORED_BUOY_0-20002-0-6200254_20260316T024000.bufr4: 'NoneType' object is not iterable
,,,ERROR: /Users/anujdivesh/Desktop/wis2.0/final/downloads/ocean-obs/2026/03/16/WIGOS_0-410-0-21229_20260316T030000.bufr4: 'NoneType' object is not iterable
,,,ERROR: /Users/anujdivesh/Desktop/wis2.0/final/downloads/ocean-obs/2026/03/16/WIGOS_0-410-0-22101_20260316T030000.bufr4: 'NoneType' object is not iterable
,,,ERROR: /Users/anujdivesh/Desktop/wis2.0/final/downloads/ocean-obs/2026/03/16/WIGOS_0-410-0-22102_20260316T030000.bufr4: 'NoneType' object is not iterable
,,,ERROR: /Users/anujdivesh/Desktop/wis2.0/final/downloads/ocean-obs/2026/03/16/WIGOS_0-410-0-22103_20260316T030000.bufr4: 'NoneType' object is not iterable
,,,ERROR: /Users/anujdivesh/Desktop/wis2.0/final/downloads/ocean-obs/2026/03/16/WIGOS_0-410-0-22104_20260316T030000.bufr4: 'NoneType' object is not iterable
,,,ERROR: /Users/anujdivesh/Desktop/wis2.0/final/downloads/ocean-obs/2026/03/16/WIGOS_0-410-0-22105_20260316T030000.bufr4: 'NoneType' object is not iterable
,,,ERROR: /Users/anujdivesh/Desktop/wis2.0/final/downloads/ocean-obs/2026/03/16/WIGOS_0-410-0-22106_20260316T030000.bufr4: 'NoneType' object is not iterable
,,,ERROR: /Users/anujdivesh/Desktop/wis2.0/final/downloads/ocean-obs/2026/03/16/WIGOS_0-410-0-22107_20260316T030000.bufr4: 'NoneType' object is not iterable
,,,ERROR: /Users/anujdivesh/Desktop/wis2.0/final/downloads/ocean-obs/2026/03/16/WIGOS_0-410-0-22108_20260316T030000.bufr4: 'NoneType' object is not iterable
,,,ERROR: /Users/anujdivesh/Desktop/wis2.0/final/downloads/ocean-obs/2026/03/16/WIGOS_0-410-0-22184_20260316T030000.bufr4: 'NoneType' object is not iterable
,,,ERROR: /Users/anujdivesh/Desktop/wis2.0/final/downloads/ocean-obs/2026/03/16/WIGOS_0-410-0-22185_20260316T030000.bufr4: 'NoneType' object is not iterable
,,,ERROR: /Users/anujdivesh/Desktop/wis2.0/final/downloads/ocean-obs/2026/03/16/WIGOS_0-410-0-22186_20260316T030000.bufr4: 'NoneType' object is not iterable
,,,ERROR: /Users/anujdivesh/Desktop/wis2.0/final/downloads/ocean-obs/2026/03/16/WIGOS_0-410-0-22187_20260316T030000.bufr4: 'NoneType' object is not iterable
,,,ERROR: /Users/anujdivesh/Desktop/wis2.0/final/downloads/ocean-obs/2026/03/16/WIGOS_0-410-0-22188_20260316T030000.bufr4: 'NoneType' object is not iterable
,,,ERROR: /Users/anujdivesh/Desktop/wis2.0/final/downloads/ocean-obs/2026/03/16/WIGOS_0-410-0-22189_20260316T030000.bufr4: 'NoneType' object is not iterable
,,,ERROR: /Users/anujdivesh/Desktop/wis2.0/final/downloads/ocean-obs/2026/03/16/WIGOS_0-410-0-22190_20260316T030000.bufr4: 'NoneType' object is not iterable
,,,ERROR: /Users/anujdivesh/Desktop/wis2.0/final/downloads/ocean-obs/2026/03/16/WIGOS_0-410-0-22191_20260316T030000.bufr4: 'NoneType' object is not iterable
,,,ERROR: /Users/anujdivesh/Desktop/wis2.0/final/downloads/ocean-obs/2026/03/16/WIGOS_0-410-0-22192_20260316T030000.bufr4: 'NoneType' object is not iterable
,,,ERROR: /Users/anujdivesh/Desktop/wis2.0/final/downloads/ocean-obs/2026/03/16/WIGOS_0-410-0-22297_20260316T030000.bufr4: 'NoneType' object is not iterable
,,,ERROR: /Users/anujdivesh/Desktop/wis2.0/final/downloads/ocean-obs/2026/03/16/WIGOS_0-410-0-22298_20260316T030000.bufr4: 'NoneType' object is not iterable
,,,ERROR: /Users/anujdivesh/Desktop/wis2.0/final/downloads/ocean-obs/2026/03/16/WIGOS_0-410-0-22299_20260316T030000.bufr4: 'NoneType' object is not iterable
,,,ERROR: /Users/anujdivesh/Desktop/wis2.0/final/downloads/ocean-obs/2026/03/16/WIGOS_0-410-0-22300_20260316T030000.bufr4: 'NoneType' object is not iterable
,,,ERROR: /Users/anujdivesh/Desktop/wis2.0/final/downloads/ocean-obs/2026/03/16/WIGOS_0-410-0-22301_20260316T030000.bufr4: 'NoneType' object is not iterable
,,,ERROR: /Users/anujdivesh/Desktop/wis2.0/final/downloads/ocean-obs/2026/03/16/WIGOS_0-410-0-22302_20260316T030000.bufr4: 'NoneType' object is not iterable
,,,ERROR: /Users/anujdivesh/Desktop/wis2.0/final/downloads/ocean-obs/2026/03/16/WIGOS_0-410-0-22303_20260316T030000.bufr4: 'NoneType' object is not iterable
,,,ERROR: /Users/anujdivesh/Desktop/wis2.0/final/downloads/ocean-obs/2026/03/16/WIGOS_0-410-0-22304_20260316T030000.bufr4: 'NoneType' object is not iterable
,,,ERROR: /Users/anujdivesh/Desktop/wis2.0/final/downloads/ocean-obs/2026/03/16/WIGOS_0-410-0-22305_20260316T030000.bufr4: 'NoneType' object is not iterable
,,,ERROR: /Users/anujdivesh/Desktop/wis2.0/final/downloads/ocean-obs/2026/03/16/WIGOS_0-410-0-22309_20260316T030000.bufr4: 'NoneType' object is not iterable
,,,ERROR: /Users/anujdivesh/Desktop/wis2.0/final/downloads/ocean-obs/2026/03/16/WIGOS_0-410-0-22310_20260316T030000.bufr4: 'NoneType' object is not iterable
,,,ERROR: /Users/anujdivesh/Desktop/wis2.0/final/downloads/ocean-obs/2026/03/16/WIGOS_0-410-0-22311_20260316T030000.bufr4: 'NoneType' object is not iterable
,,,ERROR: /Users/anujdivesh/Desktop/wis2.0/final/downloads/ocean-obs/2026/03/16/ac6155ea-1ea1-467c-9b94-fec65cde26f9__MOORED_BUOY_0-20002-0-4200055_20260316T031000.bufr4: 'NoneType' object is not iterable
,,,ERROR: /Users/anujdivesh/Desktop/wis2.0/final/downloads/ocean-obs/2026/03/16/adf56580-1fa0-416f-88ff-edb70f337725__MOORED_BUOY_0-20002-0-6100022_20260316T021000.bufr4: 'NoneType' object is not iterable
,,,ERROR: /Users/anujdivesh/Desktop/wis2.0/final/downloads/ocean-obs/2026/03/16/afbe2d64-a0c8-4030-8c47-10f28223ec93__MOORED_BUOY_0-20002-0-6200255_20260316T024000.bufr4: 'NoneType' object is not iterable
,,,ERROR: /Users/anujdivesh/Desktop/wis2.0/final/downloads/ocean-obs/2026/03/16/b122e760-da07-4872-8f31-02b6a0c0385d__MOORED_BUOY_0-20002-0-4600047_20260316T025000.bufr4: 'NoneType' object is not iterable
,,,ERROR: /Users/anujdivesh/Desktop/wis2.0/final/downloads/ocean-obs/2026/03/16/b2c257ab-fc71-46ba-b446-1fc0a09250f5__MOORED_BUOY_0-20002-0-6200024_20260316T030000.bufr4: 'NoneType' object is not iterable
,,,ERROR: /Users/anujdivesh/Desktop/wis2.0/final/downloads/ocean-obs/2026/03/16/b39d1f77-dd8f-425e-9d05-2b224ae2cecf__DRIFTING_BUOY_0-20002-0-4804257_20260316T030000.bufr4: 'NoneType' object is not iterable
,,,ERROR: /Users/anujdivesh/Desktop/wis2.0/final/downloads/ocean-obs/2026/03/16/b61e2362-f1e8-4085-a13f-12956c1ba014__MOORED_BUOY_0-20002-0-3200321_20260316T031200.bufr4: 'NoneType' object is not iterable
,,,ERROR: /Users/anujdivesh/Desktop/wis2.0/final/downloads/ocean-obs/2026/03/16/bae41ee8-0df6-4cfa-9065-ea111f4f8d98__MOORED_BUOY_0-20002-0-6200066_20260316T031000.bufr4: 'NoneType' object is not iterable
,,,ERROR: /Users/anujdivesh/Desktop/wis2.0/final/downloads/ocean-obs/2026/03/16/bf619828-b988-48d9-8d74-bd718a1ea442__MOORED_BUOY_0-20002-0-4100110_20260316T030000.bufr4: 'NoneType' object is not iterable
,,,ERROR: /Users/anujdivesh/Desktop/wis2.0/final/downloads/ocean-obs/2026/03/16/c0d1c5ad-dd0b-452f-a5a1-cf3225afcc8d__MOORED_BUOY_0-20002-0-4100002_20260316T030000.bufr4: 'NoneType' object is not iterable
,,,ERROR: /Users/anujdivesh/Desktop/wis2.0/final/downloads/ocean-obs/2026/03/16/d10d123a-270b-4d39-9b58-35fc4d6437dc__MOORED_BUOY_0-20002-0-4400009_20260316T030000.bufr4: 'NoneType' object is not iterable
,,,ERROR: /Users/anujdivesh/Desktop/wis2.0/final/downloads/ocean-obs/2026/03/16/d68585b0-9545-4c3f-8d23-884c3b238d83__MOORED_BUOY_0-20002-0-4600025_20260316T031000.bufr4: 'NoneType' object is not iterable
,,,ERROR: /Users/anujdivesh/Desktop/wis2.0/final/downloads/ocean-obs/2026/03/16/d6b27a89-b6df-4dca-b981-fc37e1eca0f6__MOORED_BUOY_0-20002-0-4300301_20260316T031200.bufr4: 'NoneType' object is not iterable
,,,ERROR: /Users/anujdivesh/Desktop/wis2.0/final/downloads/ocean-obs/2026/03/16/d8b95e52-d641-4033-a998-6241927edee0__MOORED_BUOY_0-20002-0-4600041_20260316T030000.bufr4: 'NoneType' object is not iterable
,,,ERROR: /Users/anujdivesh/Desktop/wis2.0/final/downloads/ocean-obs/2026/03/16/d93a148d-ffcb-455d-9f58-96c6b79eb590__MOORED_BUOY_0-20002-0-3200319_20260316T031200.bufr4: 'NoneType' object is not iterable
,,,ERROR: /Users/anujdivesh/Desktop/wis2.0/final/downloads/ocean-obs/2026/03/16/d9d9e2b5-f5db-4bd3-9412-c417cf6f1f80__MOORED_BUOY_0-20002-0-6100431_20260316T031000.bufr4: 'NoneType' object is not iterable
,,,ERROR: /Users/anujdivesh/Desktop/wis2.0/final/downloads/ocean-obs/2026/03/16/db9c13cb-1006-4362-bd61-661e64e7ccc9__DRIFTING_BUOY_0-20002-0-3801704_20260316T030000.bufr4: 'NoneType' object is not iterable
,,,ERROR: /Users/anujdivesh/Desktop/wis2.0/final/downloads/ocean-obs/2026/03/16/e064c7c3-b508-4a64-b546-4c18fa51f1c6__MOORED_BUOY_0-20002-0-4100052_20260316T020000.bufr4: 'NoneType' object is not iterable
,,,ERROR: /Users/anujdivesh/Desktop/wis2.0/final/downloads/ocean-obs/2026/03/16/e798941c-74e0-4a9b-a91b-af3a1c3e9e69__MOORED_BUOY_0-20002-0-4400065_20260316T030000.bufr4: 'NoneType' object is not iterable
,,,ERROR: /Users/anujdivesh/Desktop/wis2.0/final/downloads/ocean-obs/2026/03/16/ea5e78f9-5614-4133-8d1b-74b5f18910e4__MOORED_BUOY_0-20002-0-4600054_20260316T031000.bufr4: 'NoneType' object is not iterable
,,,ERROR: /Users/anujdivesh/Desktop/wis2.0/final/downloads/ocean-obs/2026/03/16/f36a3acd-28aa-40bc-a79a-f4ccc6a9ed0d__MOORED_BUOY_0-20002-0-5100214_20260316T023000.bufr4: 'NoneType' object is not iterable
,,,ERROR: /Users/anujdivesh/Desktop/wis2.0/final/downloads/ocean-obs/2026/03/16/f7a7a404-a2d3-4cdd-a3b6-711a206e7fe2__MOORED_BUOY_0-20002-0-5100006_20260316T030000.bufr4: 'NoneType' object is not iterable
,,,ERROR: /Users/anujdivesh/Desktop/wis2.0/final/downloads/ocean-obs/2026/03/16/f891e233-f617-43fa-862f-3c14d1b6ac65__MOORED_BUOY_0-20002-0-4100122_20260316T030000.bufr4: 'NoneType' object is not iterable
,,,ERROR: /Users/anujdivesh/Desktop/wis2.0/final/downloads/ocean-obs/2026/03/16/fa7c9e1f-faa4-4d7d-a49b-5701c047d5d3__MOORED_BUOY_0-20002-0-6200082_20260316T030000.bufr4: 'NoneType' object is not iterable
,,,ERROR: /Users/anujdivesh/Desktop/wis2.0/final/downloads/ocean-obs/2026/03/16/fb124ed8-c1a6-44f2-830d-26b305780a2d__MOORED_BUOY_0-20002-0-3200320_20260316T031200.bufr4: 'NoneType' object is not iterable
,,,ERROR: /Users/anujdivesh/Desktop/wis2.0/final/downloads/ocean-obs/2026/03/16/fb276f98-83f6-4357-8dc4-b5e78d2d7f85__MOORED_BUOY_0-20002-0-6100289_20260316T024000.bufr4: 'NoneType' object is not iterable
